Category1,Source1,Category2,Source2,similarity,PapersInC1,PapersInC2,PapersInBoth,Discripancy
sexual selection,OpenAIRE,sexual selection,OpenAlex,1.0,93,107,84,0.7241379310344828
sexual selection,OpenAlex,sexual selection,OpenAIRE,1.0,107,93,84,0.7241379310344828
absorptive capacity,OpenAIRE,absorptive capacity,OpenAlex,1.0,16,10,10,0.625
multinational corporation,OpenAIRE,multinational corporation,OpenAlex,1.0,22,25,18,0.6206896551724138
absorptive capacity,OpenAlex,absorptive capacity,OpenAIRE,1.0,10,16,10,0.625
multinational corporation,OpenAlex,multinational corporation,OpenAIRE,1.0,25,22,18,0.6206896551724138
multispectral image,OpenAIRE,multispectral image,OpenAlex,1.0,60,68,53,0.7066666666666667
speckle pattern,OpenAIRE,speckle pattern,OpenAlex,1.0,40,43,34,0.6938775510204082
multispectral image,OpenAlex,multispectral image,OpenAIRE,1.0,68,60,53,0.7066666666666667
enantiomer,OpenAIRE,enantiomer,OpenAlex,1.0,11,10,8,0.6153846153846154
enantiomer,OpenAlex,enantiomer,OpenAIRE,1.0,10,11,8,0.6153846153846154
ordinal regression,OpenAIRE,ordinal regression,OpenAlex,1.0,8,8,7,0.7777777777777778
ordinal regression,OpenAlex,ordinal regression,OpenAIRE,1.0,8,8,7,0.7777777777777778
domestication,OpenAIRE,domestication,OpenAlex,1.0,26,28,26,0.9285714285714286
domestication,OpenAlex,domestication,OpenAIRE,1.0,28,26,26,0.9285714285714286
metabolomics,OpenAlex,metabolomics,OpenAIRE,1.0,12,17,11,0.6111111111111112
hypertext,OpenAIRE,hypertext,OpenAlex,1.0,10,13,9,0.6428571428571429
glaucoma,OpenAIRE,glaucoma,OpenAlex,1.0,11,12,11,0.9166666666666666
glaucoma,OpenAlex,glaucoma,OpenAIRE,1.0,12,11,11,0.9166666666666666
convolutional neural network,OpenAIRE,convolutional neural network,OpenAlex,1.0,446,648,413,0.6064610866372981
kinematics,OpenAlex,kinematics,OpenAIRE,1.0,138,114,96,0.6153846153846154
coalescent theory,OpenAIRE,coalescent theory,OpenAlex,1.0,27,33,27,0.8181818181818182
watershed,OpenAIRE,watershed,OpenAlex,1.0,14,15,11,0.6111111111111112
watershed,OpenAlex,watershed,OpenAIRE,1.0,15,14,11,0.6111111111111112
activity recognition,OpenAIRE,activity recognition,OpenAlex,1.0,40,46,34,0.6538461538461539
activity recognition,OpenAlex,activity recognition,OpenAIRE,1.0,46,40,34,0.6538461538461539
particle swarm optimization,OpenAIRE,particle swarm optimization,OpenAlex,1.0,106,134,95,0.6551724137931034
softmax function,OpenAIRE,softmax function,OpenAlex,1.0,26,25,22,0.7586206896551724
convolutional neural network,OpenAlex,convolutional neural network,OpenAIRE,1.0,648,446,413,0.6064610866372981
softmax function,OpenAlex,softmax function,OpenAIRE,1.0,25,26,22,0.7586206896551724
wearable computer,OpenAIRE,wearable computer,OpenAlex,1.0,38,56,36,0.6206896551724138
wearable computer,OpenAlex,wearable computer,OpenAIRE,1.0,56,38,36,0.6206896551724138
identifiability,OpenAIRE,identifiability,OpenAlex,1.0,16,14,13,0.7647058823529411
anomaly detection,OpenAIRE,anomaly detection,OpenAlex,1.0,89,93,71,0.6396396396396397
anomaly detection,OpenAlex,anomaly detection,OpenAIRE,1.0,93,89,71,0.6396396396396397
fusiform gyrus,OpenAlex,fusiform gyrus,OpenAIRE,1.0,10,10,9,0.8181818181818182
corporate social responsibility,OpenAIRE,corporate social responsibility,OpenAlex,1.0,47,45,39,0.7358490566037735
corporate social responsibility,OpenAlex,corporate social responsibility,OpenAIRE,1.0,45,47,39,0.7358490566037735
bigram,OpenAIRE,bigram,OpenAlex,1.0,9,9,7,0.6363636363636364
bigram,OpenAlex,bigram,OpenAIRE,1.0,9,9,7,0.6363636363636364
class size,OpenAlex,class size,OpenAIRE,1.0,9,13,9,0.6923076923076923
adjective,OpenAIRE,adjective,OpenAlex,1.0,9,9,7,0.6363636363636364
adjective,OpenAlex,adjective,OpenAIRE,1.0,9,9,7,0.6363636363636364
iris recognition,OpenAlex,iris recognition,OpenAIRE,1.0,12,14,12,0.8571428571428571
saccadic masking,OpenAIRE,saccadic masking,OpenAlex,1.0,26,32,23,0.6571428571428571
coalescent theory,OpenAlex,coalescent theory,OpenAIRE,1.0,33,27,27,0.8181818181818182
extreme learning machine,OpenAIRE,extreme learning machine,OpenAlex,1.0,27,23,21,0.7241379310344828
extreme learning machine,OpenAlex,extreme learning machine,OpenAIRE,1.0,23,27,21,0.7241379310344828
argumentation theory,OpenAIRE,argumentation theory,OpenAlex,1.0,16,20,15,0.7142857142857143
argumentation theory,OpenAlex,argumentation theory,OpenAIRE,1.0,20,16,15,0.7142857142857143
orbitofrontal cortex,OpenAIRE,orbitofrontal cortex,OpenAlex,1.0,28,27,23,0.71875
orbitofrontal cortex,OpenAlex,orbitofrontal cortex,OpenAIRE,1.0,27,28,23,0.71875
wetting,OpenAIRE,wetting,OpenAlex,1.0,6,6,5,0.7142857142857143
contact angle,OpenAIRE,contact angle,OpenAlex,1.0,7,6,5,0.625
flow shop scheduling,OpenAIRE,flow shop scheduling,OpenAlex,1.0,7,8,6,0.6666666666666666
flow shop scheduling,OpenAlex,flow shop scheduling,OpenAIRE,1.0,8,7,6,0.6666666666666666
wavelet,OpenAIRE,wavelet,OpenAlex,1.0,241,310,213,0.6301775147928994
wavelet,OpenAlex,wavelet,OpenAIRE,1.0,310,241,213,0.6301775147928994
artificial bee colony algorithm,OpenAIRE,artificial bee colony algorithm,OpenAlex,1.0,15,15,13,0.7647058823529411
artificial bee colony algorithm,OpenAlex,artificial bee colony algorithm,OpenAIRE,1.0,15,15,13,0.7647058823529411
openness to experience,OpenAIRE,openness to experience,OpenAlex,1.0,14,19,13,0.65
metagenomics,OpenAlex,metagenomics,OpenAIRE,1.0,31,33,26,0.6842105263157895
illusion,OpenAIRE,illusion,OpenAlex,1.0,29,35,27,0.7297297297297297
illusion,OpenAlex,illusion,OpenAIRE,1.0,35,29,27,0.7297297297297297
equifinality,OpenAIRE,equifinality,OpenAlex,1.0,17,18,14,0.6666666666666666
equifinality,OpenAlex,equifinality,OpenAIRE,1.0,18,17,14,0.6666666666666666
image warping,OpenAIRE,image warping,OpenAlex,1.0,26,34,23,0.6216216216216216
dynamic time warping,OpenAIRE,dynamic time warping,OpenAlex,1.0,29,29,26,0.8125
image warping,OpenAlex,image warping,OpenAIRE,1.0,34,26,23,0.6216216216216216
mindset,OpenAIRE,mindset,OpenAlex,1.0,11,15,11,0.7333333333333333
mindset,OpenAlex,mindset,OpenAIRE,1.0,15,11,11,0.7333333333333333
gesture,OpenAIRE,gesture,OpenAlex,1.0,74,88,63,0.6363636363636364
gesture,OpenAlex,gesture,OpenAIRE,1.0,88,74,63,0.6363636363636364
suffix,OpenAlex,suffix,OpenAIRE,1.0,6,5,5,0.8333333333333334
deblurring,OpenAIRE,deblurring,OpenAlex,1.0,24,21,18,0.6666666666666666
deblurring,OpenAlex,deblurring,OpenAIRE,1.0,21,24,18,0.6666666666666666
prosocial behavior,OpenAIRE,prosocial behavior,OpenAlex,1.0,23,23,18,0.6428571428571429
prosocial behavior,OpenAlex,prosocial behavior,OpenAIRE,1.0,23,23,18,0.6428571428571429
structural health monitoring,OpenAIRE,structural health monitoring,OpenAlex,1.0,7,8,6,0.6666666666666666
structural health monitoring,OpenAlex,structural health monitoring,OpenAIRE,1.0,8,7,6,0.6666666666666666
trichromacy,OpenAIRE,trichromacy,OpenAlex,1.0,8,9,7,0.7
trichromacy,OpenAlex,trichromacy,OpenAIRE,1.0,9,8,7,0.7
cruise control,OpenAIRE,cruise control,OpenAlex,1.0,14,17,14,0.8235294117647058
cruise control,OpenAlex,cruise control,OpenAIRE,1.0,17,14,14,0.8235294117647058
vehicle routing problem,OpenAlex,vehicle routing problem,OpenAIRE,1.0,30,22,21,0.6774193548387096
platoon,OpenAIRE,platoon,OpenAlex,1.0,12,12,12,1.0
platoon,OpenAlex,platoon,OpenAIRE,1.0,12,12,12,1.0
artificial immune system,OpenAIRE,artificial immune system,OpenAlex,1.0,10,13,10,0.7692307692307693
artificial immune system,OpenAlex,artificial immune system,OpenAIRE,1.0,13,10,10,0.7692307692307693
optic disk,OpenAIRE,optic disc,OpenAlex,0.8562485746663654,11,10,8,0.6153846153846154
optic disc,OpenAlex,optic disk,OpenAIRE,0.8562485746663654,10,11,8,0.6153846153846154
active contour model,OpenAlex,active contour model,OpenAIRE,1.0,21,24,17,0.6071428571428571
tourism,OpenAIRE,tourism,OpenAlex,1.0,48,62,45,0.6923076923076923
technology acceptance model,OpenAIRE,technology acceptance model,OpenAlex,1.0,33,39,28,0.6363636363636364
technology acceptance model,OpenAlex,technology acceptance model,OpenAIRE,1.0,39,33,28,0.6363636363636364
tourism,OpenAlex,tourism,OpenAIRE,1.0,62,48,45,0.6923076923076923
stochastic volatility,OpenAIRE,stochastic volatility,OpenAlex,1.0,10,9,8,0.7272727272727273
stochastic volatility,OpenAlex,stochastic volatility,OpenAIRE,1.0,9,10,8,0.7272727272727273
vehicle routing problem,OpenAIRE,vehicle routing problem,OpenAlex,1.0,22,30,21,0.6774193548387096
biomolecule,OpenAIRE,biomolecule,OpenAlex,1.0,11,12,9,0.6428571428571429
scale-invariant feature transform,OpenAIRE,scale-invariant feature transform,OpenAlex,1.0,41,43,33,0.6470588235294118
scale-invariant feature transform,OpenAlex,scale-invariant feature transform,OpenAIRE,1.0,43,41,33,0.6470588235294118
kinematics,OpenAIRE,kinematics,OpenAlex,1.0,114,138,96,0.6153846153846154
model predictive control,OpenAIRE,model predictive control,OpenAlex,1.0,95,90,76,0.6972477064220184
model predictive control,OpenAlex,model predictive control,OpenAIRE,1.0,90,95,76,0.6972477064220184
pulse-width modulation,OpenAlex,pulse-width modulation,OpenAIRE,1.0,36,41,30,0.6382978723404256
explanatory power,OpenAIRE,explanatory power,OpenAlex,1.0,12,17,11,0.6111111111111112
explanatory power,OpenAlex,explanatory power,OpenAIRE,1.0,17,12,11,0.6111111111111112
distributed generation,OpenAIRE,distributed generation,OpenAlex,1.0,48,53,39,0.6290322580645161
sizing,OpenAIRE,sizing,OpenAlex,1.0,8,13,8,0.6153846153846154
sizing,OpenAlex,sizing,OpenAIRE,1.0,13,8,8,0.6153846153846154
distributed generation,OpenAlex,distributed generation,OpenAIRE,1.0,53,48,39,0.6290322580645161
intrusion detection system,OpenAIRE,intrusion detection system,OpenAlex,1.0,50,53,44,0.7457627118644068
intrusion detection system,OpenAlex,intrusion detection system,OpenAIRE,1.0,53,50,44,0.7457627118644068
conceptualization,OpenAIRE,conceptualization,OpenAlex,1.0,370,514,345,0.640074211502783
conceptualization,OpenAlex,conceptualization,OpenAIRE,1.0,514,370,345,0.640074211502783
overfitting,OpenAIRE,overfitting,OpenAlex,1.0,85,97,70,0.625
interactivity,OpenAIRE,interactivity,OpenAlex,1.0,15,17,13,0.6842105263157895
interactivity,OpenAlex,interactivity,OpenAIRE,1.0,17,15,13,0.6842105263157895
exponential smoothing,OpenAIRE,exponential smoothing,OpenAlex,1.0,9,8,8,0.8888888888888888
exponential smoothing,OpenAlex,exponential smoothing,OpenAIRE,1.0,8,9,8,0.8888888888888888
autism,OpenAIRE,autism,OpenAlex,1.0,37,41,30,0.625
autism,OpenAlex,autism,OpenAIRE,1.0,41,37,30,0.625
digital watermarking,OpenAIRE,digital watermarking,OpenAlex,1.0,37,39,31,0.6888888888888889
watermark,OpenAIRE,watermark,OpenAlex,1.0,20,22,18,0.75
watermark,OpenAlex,watermark,OpenAIRE,1.0,22,20,18,0.75
digital watermarking,OpenAlex,digital watermarking,OpenAIRE,1.0,39,37,31,0.6888888888888889
quantile regression,OpenAlex,quantile,OpenAIRE,0.9174814467733052,10,13,9,0.6428571428571429
nucleus accumbens,OpenAIRE,nucleus accumbens,OpenAlex,1.0,18,16,14,0.7
nucleus accumbens,OpenAlex,nucleus accumbens,OpenAIRE,1.0,16,18,14,0.7
hyperspectral imaging,OpenAIRE,hyperspectral imaging,OpenAlex,1.0,97,124,91,0.7
hyperspectral imaging,OpenAlex,hyperspectral imaging,OpenAIRE,1.0,124,97,91,0.7
delphi method,OpenAlex,delphi method,OpenAIRE,1.0,111,81,79,0.6991150442477876
numerosity adaptation effect,OpenAIRE,numerosity adaptation effect,OpenAlex,1.0,9,12,8,0.6153846153846154
numerosity adaptation effect,OpenAlex,numerosity adaptation effect,OpenAIRE,1.0,12,9,8,0.6153846153846154
jamming,OpenAIRE,jamming,OpenAlex,1.0,11,10,8,0.6153846153846154
synthetic aperture radar,OpenAlex,synthetic aperture radar,OpenAIRE,1.0,59,66,52,0.7123287671232876
jamming,OpenAlex,jamming,OpenAIRE,1.0,10,11,8,0.6153846153846154
cronbach's alpha,OpenAIRE,cronbach's alpha,OpenAlex,1.0,15,16,12,0.631578947368421
timeline,OpenAIRE,timeline,OpenAlex,1.0,8,10,8,0.8
timeline,OpenAlex,timeline,OpenAIRE,1.0,10,8,8,0.8
thresholding,OpenAIRE,thresholding,OpenAlex,1.0,90,96,71,0.6173913043478261
granger causality,OpenAIRE,granger causality,OpenAlex,1.0,10,9,8,0.7272727272727273
independent component analysis,OpenAIRE,independent component analysis,OpenAlex,1.0,73,67,56,0.6666666666666666
granger causality,OpenAlex,granger causality,OpenAIRE,1.0,9,10,8,0.7272727272727273
stock exchange,OpenAIRE,stock exchange,OpenAlex,1.0,12,8,8,0.6666666666666666
stock exchange,OpenAlex,stock exchange,OpenAIRE,1.0,8,12,8,0.6666666666666666
independent component analysis,OpenAlex,independent component analysis,OpenAIRE,1.0,67,73,56,0.6666666666666666
identifiability,OpenAlex,identifiability,OpenAIRE,1.0,14,16,13,0.7647058823529411
orthogonal frequency-division multiplexing,OpenAIRE,orthogonal frequency-division multiplexing,OpenAlex,1.0,14,9,9,0.6428571428571429
orthogonal frequency-division multiplexing,OpenAlex,orthogonal frequency-division multiplexing,OpenAIRE,1.0,9,14,9,0.6428571428571429
wind power,OpenAIRE,wind power,OpenAlex,1.0,65,66,55,0.7236842105263158
wind power,OpenAlex,wind power,OpenAIRE,1.0,66,65,55,0.7236842105263158
steganography,OpenAIRE,steganography,OpenAlex,1.0,33,36,30,0.7692307692307693
steganography,OpenAlex,steganography,OpenAIRE,1.0,36,33,30,0.7692307692307693
coprime integers,OpenAlex,coprime integers,OpenAIRE,1.0,6,5,5,0.8333333333333334
sky,OpenAIRE,sky,OpenAlex,1.0,13,19,13,0.6842105263157895
sky,OpenAlex,sky,OpenAIRE,1.0,19,13,13,0.6842105263157895
percolation threshold,OpenAlex,percolation threshold,OpenAIRE,1.0,6,4,4,0.6666666666666666
ant colony optimization algorithms,OpenAIRE,ant colony optimization algorithms,OpenAlex,1.0,28,30,22,0.6111111111111112
ant colony optimization algorithms,OpenAlex,ant colony optimization algorithms,OpenAIRE,1.0,30,28,22,0.6111111111111112
postmodernism,OpenAlex,postmodernism,OpenAIRE,1.0,6,4,4,0.6666666666666666
backstepping,OpenAIRE,backstepping,OpenAlex,1.0,41,43,33,0.6470588235294118
lyapunov function,OpenAIRE,lyapunov function,OpenAlex,1.0,133,137,106,0.6463414634146342
lyapunov function,OpenAlex,lyapunov function,OpenAIRE,1.0,137,133,106,0.6463414634146342
backstepping,OpenAlex,backstepping,OpenAIRE,1.0,43,41,33,0.6470588235294118
dither,OpenAIRE,dither,OpenAlex,1.0,7,11,7,0.6363636363636364
pulse-width modulation,OpenAIRE,pulse-width modulation,OpenAlex,1.0,41,36,30,0.6382978723404256
converters,OpenAIRE,converters,OpenAlex,1.0,32,37,26,0.6046511627906976
converters,OpenAlex,converters,OpenAIRE,1.0,37,32,26,0.6046511627906976
dither,OpenAlex,dither,OpenAIRE,1.0,11,7,7,0.6363636363636364
flipped classroom,OpenAIRE,flipped classroom,OpenAlex,1.0,13,13,12,0.8571428571428571
flipped classroom,OpenAlex,flipped classroom,OpenAIRE,1.0,13,13,12,0.8571428571428571
metadata,OpenAIRE,metadata,OpenAlex,1.0,15,19,14,0.7
rough set,OpenAIRE,rough set,OpenAlex,1.0,51,54,46,0.7796610169491526
soft set,OpenAIRE,soft set,OpenAlex,1.0,14,12,11,0.7333333333333333
soft set,OpenAlex,soft set,OpenAIRE,1.0,12,14,11,0.7333333333333333
rough set,OpenAlex,rough set,OpenAIRE,1.0,54,51,46,0.7796610169491526
string metric,OpenAIRE,string metric,OpenAlex,1.0,7,5,5,0.7142857142857143
cyclostationary process,OpenAIRE,cyclostationary process,OpenAlex,1.0,8,7,7,0.875
cyclostationary process,OpenAlex,cyclostationary process,OpenAIRE,1.0,7,8,7,0.875
underwater,OpenAIRE,underwater,OpenAlex,1.0,27,26,21,0.65625
image fusion,OpenAIRE,image fusion,OpenAlex,1.0,60,60,46,0.6216216216216216
image fusion,OpenAlex,image fusion,OpenAIRE,1.0,60,60,46,0.6216216216216216
underwater,OpenAlex,underwater,OpenAIRE,1.0,26,27,21,0.65625
land cover,OpenAIRE,land cover,OpenAlex,1.0,46,48,36,0.6206896551724138
land cover,OpenAlex,land cover,OpenAIRE,1.0,48,46,36,0.6206896551724138
internationalization,OpenAIRE,internationalization,OpenAlex,1.0,14,15,13,0.8125
reputation,OpenAIRE,reputation,OpenAlex,1.0,33,40,28,0.6222222222222222
histogram matching,OpenAIRE,histogram matching,OpenAlex,1.0,15,22,15,0.6818181818181818
adaptive histogram equalization,OpenAIRE,adaptive histogram equalization,OpenAlex,1.0,16,14,13,0.7647058823529411
balanced histogram thresholding,OpenAIRE,balanced histogram thresholding,OpenAlex,1.0,18,21,17,0.7727272727272727
image histogram,OpenAIRE,image histogram,OpenAlex,1.0,13,10,9,0.6428571428571429
balanced histogram thresholding,OpenAlex,balanced histogram thresholding,OpenAIRE,1.0,21,18,17,0.7727272727272727
histogram matching,OpenAlex,histogram matching,OpenAIRE,1.0,22,15,15,0.6818181818181818
adaptive histogram equalization,OpenAlex,adaptive histogram equalization,OpenAIRE,1.0,14,16,13,0.7647058823529411
image histogram,OpenAlex,image histogram,OpenAIRE,1.0,10,13,9,0.6428571428571429
ontology-based data integration,OpenAIRE,ontology-based data integration,OpenAlex,1.0,8,13,8,0.6153846153846154
ontology-based data integration,OpenAlex,ontology-based data integration,OpenAIRE,1.0,13,8,8,0.6153846153846154
discriminative model,OpenAIRE,discriminative model,OpenAlex,1.0,154,206,139,0.6289592760180995
priming (psychology),OpenAIRE,priming (agriculture),OpenAlex,0.9805536485581726,40,37,30,0.6382978723404256
discriminative model,OpenAlex,discriminative model,OpenAIRE,1.0,206,154,139,0.6289592760180995
priming (agriculture),OpenAlex,priming (psychology),OpenAIRE,0.9805536485581726,37,40,30,0.6382978723404256
thresholding,OpenAlex,thresholding,OpenAIRE,1.0,96,90,71,0.6173913043478261
haze,OpenAIRE,haze,OpenAlex,1.0,10,14,10,0.7142857142857143
haze,OpenAlex,haze,OpenAIRE,1.0,14,10,10,0.7142857142857143
brain–computer interface,OpenAIRE,brain–computer interface,OpenAlex,1.0,24,37,23,0.6052631578947368
brain–computer interface,OpenAlex,brain–computer interface,OpenAIRE,1.0,37,24,23,0.6052631578947368
light sheet fluorescence microscopy,OpenAIRE,light sheet fluorescence microscopy,OpenAlex,1.0,9,12,8,0.6153846153846154
optical coherence tomography,OpenAlex,optical coherence tomography,OpenAIRE,1.0,25,23,21,0.7777777777777778
light sheet fluorescence microscopy,OpenAlex,light sheet fluorescence microscopy,OpenAIRE,1.0,12,9,8,0.6153846153846154
worry,OpenAIRE,worry,OpenAlex,1.0,7,6,5,0.625
worry,OpenAlex,worry,OpenAIRE,1.0,6,7,5,0.625
plant disease,OpenAIRE,plant disease,OpenAlex,1.0,12,10,10,0.8333333333333334
plant disease,OpenAlex,plant disease,OpenAIRE,1.0,10,12,10,0.8333333333333334
hilbert–huang transform,OpenAIRE,hilbert–huang transform,OpenAlex,1.0,19,22,18,0.782608695652174
denial-of-service attack,OpenAlex,denial-of-service attack,OpenAIRE,1.0,8,9,7,0.7
electron backscatter diffraction,OpenAIRE,electron backscatter diffraction,OpenAlex,1.0,9,10,8,0.7272727272727273
electron backscatter diffraction,OpenAlex,electron backscatter diffraction,OpenAIRE,1.0,10,9,8,0.7272727272727273
silhouette,OpenAIRE,silhouette,OpenAlex,1.0,10,11,8,0.6153846153846154
silhouette,OpenAlex,silhouette,OpenAIRE,1.0,11,10,8,0.6153846153846154
multivariable calculus,OpenAlex,multivariable calculus,OpenAIRE,1.0,45,37,32,0.64
multivariable calculus,OpenAIRE,multivariable calculus,OpenAlex,1.0,37,45,32,0.64
salinity,OpenAlex,salinity,OpenAIRE,1.0,6,6,5,0.7142857142857143
flexible manufacturing system,OpenAIRE,flexible manufacturing system,OpenAlex,1.0,6,7,6,0.8571428571428571
flexible manufacturing system,OpenAlex,flexible manufacturing system,OpenAIRE,1.0,7,6,6,0.8571428571428571
delphi method,OpenAIRE,delphi method,OpenAlex,1.0,81,111,79,0.6991150442477876
psychopathy,OpenAIRE,psychopathy,OpenAlex,1.0,7,7,6,0.75
psychopathy,OpenAlex,psychopathy,OpenAIRE,1.0,7,7,6,0.75
graphene,OpenAIRE,graphene,OpenAlex,1.0,18,20,16,0.7272727272727273
saccade,OpenAIRE,saccade,OpenAlex,1.0,28,26,22,0.6875
saccade,OpenAlex,saccade,OpenAIRE,1.0,26,28,22,0.6875
rural area,OpenAIRE,rural area,OpenAlex,1.0,7,6,5,0.625
tourism geography,OpenAIRE,tourism geography,OpenAlex,1.0,8,9,7,0.7
rural area,OpenAlex,rural area,OpenAIRE,1.0,6,7,5,0.625
controllability,OpenAlex,controllability,OpenAIRE,1.0,56,64,47,0.6438356164383562
lasso (statistics),OpenAIRE,lasso (programming language),OpenAlex,0.9543024020480222,35,44,30,0.6122448979591837
iterative closest point,OpenAIRE,iterative closest point,OpenAlex,1.0,9,8,7,0.7
iterative closest point,OpenAlex,iterative closest point,OpenAIRE,1.0,8,9,7,0.7
range of motion,OpenAlex,range of motion,OpenAIRE,1.0,7,8,6,0.6666666666666666
attractor,OpenAIRE,attractor,OpenAlex,1.0,88,91,71,0.6574074074074074
attractor,OpenAlex,attractor,OpenAIRE,1.0,91,88,71,0.6574074074074074
islanding,OpenAIRE,islanding,OpenAlex,1.0,6,7,5,0.625
islanding,OpenAlex,islanding,OpenAIRE,1.0,7,6,5,0.625
conjugate gradient method,OpenAIRE,conjugate gradient method,OpenAlex,1.0,23,22,17,0.6071428571428571
conjugate gradient method,OpenAlex,conjugate gradient method,OpenAIRE,1.0,22,23,17,0.6071428571428571
pythagorean theorem,OpenAIRE,pythagorean theorem,OpenAlex,1.0,8,10,8,0.8
pythagorean theorem,OpenAlex,pythagorean theorem,OpenAIRE,1.0,10,8,8,0.8
synthetic aperture radar,OpenAIRE,synthetic aperture radar,OpenAlex,1.0,66,59,52,0.7123287671232876
polarimetry,OpenAIRE,polarimetry,OpenAlex,1.0,12,11,9,0.6428571428571429
speckle noise,OpenAIRE,speckle noise,OpenAlex,1.0,20,19,16,0.6956521739130435
polarimetry,OpenAlex,polarimetry,OpenAIRE,1.0,11,12,9,0.6428571428571429
speckle pattern,OpenAlex,speckle pattern,OpenAIRE,1.0,43,40,34,0.6938775510204082
superordinate goals,OpenAlex,superordinate goals,OpenAIRE,1.0,7,5,5,0.7142857142857143
quantum hall effect,OpenAIRE,quantum hall effect,OpenAlex,1.0,6,4,4,0.6666666666666666
neuromorphic engineering,OpenAIRE,neuromorphic engineering,OpenAlex,1.0,42,49,40,0.7843137254901961
neuromorphic engineering,OpenAlex,neuromorphic engineering,OpenAIRE,1.0,49,42,40,0.7843137254901961
quantum machine learning,OpenAIRE,quantum machine learning,OpenAlex,1.0,8,6,6,0.75
quantum machine learning,OpenAlex,quantum machine learning,OpenAIRE,1.0,6,8,6,0.75
ghost imaging,OpenAIRE,ghost imaging,OpenAlex,1.0,6,6,5,0.7142857142857143
particle swarm optimization,OpenAlex,particle swarm optimization,OpenAIRE,1.0,134,106,95,0.6551724137931034
jacobian matrix and determinant,OpenAIRE,jacobian matrix and determinant,OpenAlex,1.0,20,24,18,0.6923076923076923
jacobian matrix and determinant,OpenAlex,jacobian matrix and determinant,OpenAIRE,1.0,24,20,18,0.6923076923076923
major histocompatibility complex,OpenAIRE,major histocompatibility complex,OpenAlex,1.0,26,24,22,0.7857142857142857
major histocompatibility complex,OpenAlex,major histocompatibility complex,OpenAIRE,1.0,24,26,22,0.7857142857142857
entrepreneurship,OpenAIRE,entrepreneurship,OpenAlex,1.0,90,99,72,0.6153846153846154
entrepreneurship,OpenAlex,entrepreneurship,OpenAIRE,1.0,99,90,72,0.6153846153846154
duty cycle,OpenAIRE,duty cycle,OpenAlex,1.0,7,9,7,0.7777777777777778
magnetoencephalography,OpenAIRE,magnetoencephalography,OpenAlex,1.0,48,44,35,0.6140350877192983
magnetoencephalography,OpenAlex,magnetoencephalography,OpenAIRE,1.0,44,48,35,0.6140350877192983
level set method,OpenAIRE,level set method,OpenAlex,1.0,27,27,23,0.7419354838709677
fast marching method,OpenAIRE,fast marching method,OpenAlex,1.0,7,6,5,0.625
level set method,OpenAlex,level set method,OpenAIRE,1.0,27,27,23,0.7419354838709677
fast marching method,OpenAlex,fast marching method,OpenAIRE,1.0,6,7,5,0.625
cultural heritage,OpenAIRE,cultural heritage,OpenAlex,1.0,7,6,5,0.625
tourism geography,OpenAlex,tourism geography,OpenAIRE,1.0,9,8,7,0.7
cultural heritage,OpenAlex,cultural heritage,OpenAIRE,1.0,6,7,5,0.625
turbine,OpenAIRE,turbine,OpenAlex,1.0,23,32,21,0.6176470588235294
stator,OpenAIRE,stator,OpenAlex,1.0,21,28,21,0.75
turbine,OpenAlex,turbine,OpenAIRE,1.0,32,23,21,0.6176470588235294
magnetometer,OpenAIRE,magnetometer,OpenAlex,1.0,10,11,8,0.6153846153846154
magnetometer,OpenAlex,magnetometer,OpenAIRE,1.0,11,10,8,0.6153846153846154
standard illuminant,OpenAIRE,standard illuminant,OpenAlex,1.0,9,12,9,0.75
color constancy,OpenAIRE,color constancy,OpenAlex,1.0,31,27,22,0.6111111111111112
color constancy,OpenAlex,color constancy,OpenAIRE,1.0,27,31,22,0.6111111111111112
standard illuminant,OpenAlex,standard illuminant,OpenAIRE,1.0,12,9,9,0.75
multipath propagation,OpenAIRE,multipath propagation,OpenAlex,1.0,13,16,12,0.7058823529411765
multipath propagation,OpenAlex,multipath propagation,OpenAIRE,1.0,16,13,12,0.7058823529411765
microgrid,OpenAIRE,microgrid,OpenAlex,1.0,36,36,32,0.8
microgrid,OpenAlex,microgrid,OpenAIRE,1.0,36,36,32,0.8
markov random field,OpenAlex,markov random field,OpenAIRE,1.0,40,34,30,0.6818181818181818
decorrelation,OpenAIRE,decorrelation,OpenAlex,1.0,15,11,11,0.7333333333333333
decorrelation,OpenAlex,decorrelation,OpenAIRE,1.0,11,15,11,0.7333333333333333
ictal,OpenAIRE,ictal,OpenAlex,1.0,13,12,11,0.7857142857142857
ictal,OpenAlex,ictal,OpenAIRE,1.0,12,13,11,0.7857142857142857
mean absolute percentage error,OpenAlex,mean absolute percentage error,OpenAIRE,1.0,6,4,4,0.6666666666666666
cog,OpenAIRE,cog,OpenAlex,1.0,8,10,8,0.8
cog,OpenAlex,cog,OpenAIRE,1.0,10,8,8,0.8
operationalization,OpenAIRE,operationalization,OpenAlex,1.0,64,83,56,0.6153846153846154
operationalization,OpenAlex,operationalization,OpenAIRE,1.0,83,64,56,0.6153846153846154
partial least squares regression,OpenAIRE,partial least squares regression,OpenAlex,1.0,44,47,37,0.6851851851851852
partial least squares regression,OpenAlex,partial least squares regression,OpenAIRE,1.0,47,44,37,0.6851851851851852
diffusion mri,OpenAIRE,diffusion mri,OpenAlex,1.0,51,55,46,0.7666666666666667
diffusion mri,OpenAlex,diffusion mri,OpenAIRE,1.0,55,51,46,0.7666666666666667
international business,OpenAIRE,international business,OpenAlex,1.0,29,26,21,0.6176470588235294
internationalization,OpenAlex,internationalization,OpenAIRE,1.0,15,14,13,0.8125
virulence,OpenAlex,virulence,OpenAIRE,1.0,8,12,8,0.6666666666666666
network virtualization,OpenAIRE,network virtualization,OpenAlex,1.0,6,4,4,0.6666666666666666
network virtualization,OpenAIRE,virtualization,OpenAlex,0.9138987890869898,6,7,5,0.625
virtualization,OpenAlex,network virtualization,OpenAIRE,0.9138987890869898,7,6,5,0.625
linear discriminant analysis,OpenAlex,linear discriminant analysis,OpenAIRE,1.0,152,157,118,0.6178010471204188
imputation (statistics),OpenAIRE,imputation (statistics),OpenAlex,1.0,13,18,12,0.631578947368421
passivity,OpenAlex,passivity,OpenAIRE,1.0,22,19,17,0.7083333333333334
dynamic time warping,OpenAlex,dynamic time warping,OpenAIRE,1.0,29,29,26,0.8125
edge computing,OpenAIRE,edge computing,OpenAlex,1.0,20,19,15,0.625
edge computing,OpenAlex,edge computing,OpenAIRE,1.0,19,20,15,0.625
raman spectroscopy,OpenAIRE,raman spectroscopy,OpenAlex,1.0,13,20,13,0.65
raman spectroscopy,OpenAlex,raman spectroscopy,OpenAIRE,1.0,20,13,13,0.65
transposable element,OpenAIRE,transposable element,OpenAlex,1.0,14,14,12,0.75
data envelopment analysis,OpenAIRE,data envelopment analysis,OpenAlex,1.0,20,20,17,0.7391304347826086
data envelopment analysis,OpenAlex,data envelopment analysis,OpenAIRE,1.0,20,20,17,0.7391304347826086
cellular automaton,OpenAIRE,cellular automaton,OpenAlex,1.0,32,40,30,0.7142857142857143
qubit,OpenAIRE,qubit,OpenAlex,1.0,15,16,12,0.631578947368421
alliance,OpenAIRE,alliance,OpenAlex,1.0,24,27,23,0.8214285714285714
alliance,OpenAlex,alliance,OpenAIRE,1.0,27,24,23,0.8214285714285714
docking (animal),OpenAlex,docking (molecular),OpenAIRE,0.9758370465825692,26,28,24,0.8
topsis,OpenAIRE,topsis,OpenAlex,1.0,28,29,24,0.7272727272727273
topsis,OpenAlex,topsis,OpenAIRE,1.0,29,28,24,0.7272727272727273
scaffold,OpenAIRE,scaffold,OpenAlex,1.0,6,4,4,0.6666666666666666
blind deconvolution,OpenAIRE,blind deconvolution,OpenAlex,1.0,11,15,10,0.625
deconvolution,OpenAIRE,deconvolution,OpenAlex,1.0,49,49,39,0.6610169491525424
blind deconvolution,OpenAlex,blind deconvolution,OpenAIRE,1.0,15,11,10,0.625
deconvolution,OpenAlex,deconvolution,OpenAIRE,1.0,49,49,39,0.6610169491525424
qrs complex,OpenAIRE,qrs complex,OpenAlex,1.0,13,13,12,0.8571428571428571
qrs complex,OpenAlex,qrs complex,OpenAIRE,1.0,13,13,12,0.8571428571428571
brainstorming,OpenAIRE,brainstorming,OpenAlex,1.0,12,16,11,0.6470588235294118
brainstorming,OpenAlex,brainstorming,OpenAIRE,1.0,16,12,11,0.6470588235294118
closed captioning,OpenAIRE,closed captioning,OpenAlex,1.0,24,24,19,0.6551724137931034
closed captioning,OpenAlex,closed captioning,OpenAIRE,1.0,24,24,19,0.6551724137931034
autoregressive integrated moving average,OpenAIRE,autoregressive integrated moving average,OpenAlex,1.0,26,28,22,0.6875
autoregressive integrated moving average,OpenAlex,autoregressive integrated moving average,OpenAIRE,1.0,28,26,22,0.6875
minimax,OpenAIRE,minimax,OpenAlex,1.0,31,28,23,0.6388888888888888
minimax,OpenAlex,minimax,OpenAIRE,1.0,28,31,23,0.6388888888888888
forebrain,OpenAlex,forebrain,OpenAIRE,1.0,6,5,5,0.8333333333333334
data assimilation,OpenAIRE,data assimilation,OpenAlex,1.0,22,25,21,0.8076923076923077
data assimilation,OpenAlex,data assimilation,OpenAIRE,1.0,25,22,21,0.8076923076923077
steganalysis,OpenAIRE,steganalysis,OpenAlex,1.0,20,17,15,0.6818181818181818
steganalysis,OpenAlex,steganalysis,OpenAIRE,1.0,17,20,15,0.6818181818181818
carbon nanotube,OpenAIRE,carbon nanotube,OpenAlex,1.0,16,19,16,0.8421052631578947
carbon nanotube,OpenAlex,carbon nanotube,OpenAIRE,1.0,19,16,16,0.8421052631578947
coronavirus disease (covid-19),OpenAIRE,severe acute respiratory syndrome coronavirus (sars-cov-2),OpenAlex,0.8736265245240225,27,20,19,0.6785714285714286
severe acute respiratory syndrome coronavirus (sars-cov-2),OpenAlex,coronavirus disease (covid-19),OpenAIRE,0.8736265245240225,20,27,19,0.6785714285714286
cronbach's alpha,OpenAlex,cronbach's alpha,OpenAIRE,1.0,16,15,12,0.631578947368421
parus,OpenAIRE,parus,OpenAlex,1.0,10,10,10,1.0
parus,OpenAlex,parus,OpenAIRE,1.0,10,10,10,1.0
instantaneous phase,OpenAIRE,instantaneous phase,OpenAlex,1.0,8,6,6,0.75
instantaneous phase,OpenAlex,instantaneous phase,OpenAIRE,1.0,6,8,6,0.75
optimal foraging theory,OpenAIRE,optimal foraging theory,OpenAlex,1.0,8,12,8,0.6666666666666666
generalist and specialist species,OpenAlex,generalist and specialist species,OpenAIRE,1.0,6,5,5,0.8333333333333334
adverse selection,OpenAIRE,adverse selection,OpenAlex,1.0,12,15,12,0.8
adverse selection,OpenAlex,adverse selection,OpenAIRE,1.0,15,12,12,0.8
quantum dot,OpenAIRE,quantum dot,OpenAlex,1.0,8,10,8,0.8
quantum dot,OpenAlex,quantum dot,OpenAIRE,1.0,10,8,8,0.8
fusiform gyrus,OpenAIRE,fusiform gyrus,OpenAlex,1.0,10,10,9,0.8181818181818182
beauty,OpenAIRE,beauty,OpenAlex,1.0,10,10,8,0.6666666666666666
beauty,OpenAlex,beauty,OpenAIRE,1.0,10,10,8,0.6666666666666666
chemotaxis,OpenAIRE,chemotaxis,OpenAlex,1.0,11,9,9,0.8181818181818182
chemotaxis,OpenAlex,chemotaxis,OpenAIRE,1.0,9,11,9,0.8181818181818182
blockchain,OpenAIRE,blockchain,OpenAlex,1.0,13,12,11,0.7857142857142857
blockchain,OpenAlex,blockchain,OpenAIRE,1.0,12,13,11,0.7857142857142857
linear discriminant analysis,OpenAIRE,linear discriminant analysis,OpenAlex,1.0,157,152,118,0.6178010471204188
non-negative matrix factorization,OpenAIRE,non-negative matrix factorization,OpenAlex,1.0,33,33,29,0.7837837837837838
non-negative matrix factorization,OpenAlex,non-negative matrix factorization,OpenAIRE,1.0,33,33,29,0.7837837837837838
crowds,OpenAIRE,crowds,OpenAlex,1.0,14,20,13,0.6190476190476191
crowds,OpenAlex,crowds,OpenAIRE,1.0,20,14,13,0.6190476190476191
checklist,OpenAIRE,checklist,OpenAlex,1.0,25,26,22,0.7586206896551724
checklist,OpenAlex,checklist,OpenAIRE,1.0,26,25,22,0.7586206896551724
overfitting,OpenAlex,overfitting,OpenAIRE,1.0,97,85,70,0.625
fourier transform ion cyclotron resonance,OpenAIRE,fourier transform ion cyclotron resonance,OpenAlex,1.0,6,5,5,0.8333333333333334
legitimacy,OpenAIRE,legitimacy,OpenAlex,1.0,27,34,24,0.6486486486486487
legitimacy,OpenAlex,legitimacy,OpenAIRE,1.0,34,27,24,0.6486486486486487
forgetting,OpenAIRE,forgetting,OpenAlex,1.0,27,25,20,0.625
arabic numerals,OpenAIRE,arabic numerals,OpenAlex,1.0,7,7,7,1.0
arabic numerals,OpenAlex,arabic numerals,OpenAIRE,1.0,7,7,7,1.0
optical amplifier,OpenAIRE,optical amplifier,OpenAlex,1.0,6,6,5,0.7142857142857143
optical amplifier,OpenAlex,optical amplifier,OpenAIRE,1.0,6,6,5,0.7142857142857143
maximum power point tracking,OpenAIRE,maximum power point tracking,OpenAlex,1.0,41,44,37,0.7708333333333334
photovoltaic system,OpenAIRE,photovoltaic system,OpenAlex,1.0,53,58,46,0.7076923076923077
photovoltaic system,OpenAlex,photovoltaic system,OpenAIRE,1.0,58,53,46,0.7076923076923077
maximum power point tracking,OpenAlex,maximum power point tracking,OpenAIRE,1.0,44,41,37,0.7708333333333334
maximum power principle,OpenAlex,maximum power point tracking,OpenAIRE,0.8755489051375283,35,41,30,0.6521739130434783
subpixel rendering,OpenAIRE,subpixel rendering,OpenAlex,1.0,24,23,19,0.6785714285714286
subpixel rendering,OpenAlex,subpixel rendering,OpenAIRE,1.0,23,24,19,0.6785714285714286
saccadic masking,OpenAlex,saccadic masking,OpenAIRE,1.0,32,26,23,0.6571428571428571
theory of planned behavior,OpenAIRE,theory of planned behavior,OpenAlex,1.0,60,74,57,0.7402597402597403
snow,OpenAIRE,snow,OpenAlex,1.0,6,9,6,0.6666666666666666
imputation (statistics),OpenAlex,imputation (statistics),OpenAIRE,1.0,18,13,12,0.631578947368421
cosine similarity,OpenAIRE,cosine similarity,OpenAlex,1.0,9,9,7,0.6363636363636364
cosine similarity,OpenAlex,cosine similarity,OpenAIRE,1.0,9,9,7,0.6363636363636364
edge-preserving smoothing,OpenAIRE,edge-preserving smoothing,OpenAlex,1.0,8,7,6,0.6666666666666666
halo,OpenAIRE,halo,OpenAlex,1.0,6,8,6,0.75
edge-preserving smoothing,OpenAlex,edge-preserving smoothing,OpenAIRE,1.0,7,8,6,0.6666666666666666
halo,OpenAlex,halo,OpenAIRE,1.0,8,6,6,0.75
soft robotics,OpenAIRE,soft robotics,OpenAlex,1.0,36,44,32,0.6666666666666666
soft robotics,OpenAlex,soft robotics,OpenAIRE,1.0,44,36,32,0.6666666666666666
integrator,OpenAIRE,integrator,OpenAlex,1.0,17,21,16,0.7272727272727273
speech enhancement,OpenAlex,speech enhancement,OpenAIRE,1.0,28,33,26,0.7428571428571429
background subtraction,OpenAIRE,background subtraction,OpenAlex,1.0,24,24,20,0.7142857142857143
background subtraction,OpenAlex,background subtraction,OpenAIRE,1.0,24,24,20,0.7142857142857143
disgust,OpenAIRE,disgust,OpenAlex,1.0,8,8,7,0.7777777777777778
disgust,OpenAlex,disgust,OpenAIRE,1.0,8,8,7,0.7777777777777778
microblogging,OpenAIRE,microblogging,OpenAlex,1.0,16,22,15,0.6521739130434783
microblogging,OpenAlex,microblogging,OpenAIRE,1.0,22,16,15,0.6521739130434783
utterance,OpenAIRE,utterance,OpenAlex,1.0,22,28,19,0.6129032258064516
utterance,OpenAlex,utterance,OpenAIRE,1.0,28,22,19,0.6129032258064516
radiocarbon dating,OpenAIRE,radiocarbon dating,OpenAlex,1.0,6,7,6,0.8571428571428571
radiocarbon dating,OpenAlex,radiocarbon dating,OpenAIRE,1.0,7,6,6,0.8571428571428571
protein data bank,OpenAIRE,protein data bank,OpenAlex,1.0,14,12,11,0.7333333333333333
protein data bank,OpenAlex,protein data bank,OpenAIRE,1.0,12,14,11,0.7333333333333333
radial basis function,OpenAIRE,radial basis function,OpenAlex,1.0,51,41,36,0.6428571428571429
radial basis function,OpenAlex,radial basis function,OpenAIRE,1.0,41,51,36,0.6428571428571429
applicability domain,OpenAIRE,applicability domain,OpenAlex,1.0,9,8,7,0.7
applicability domain,OpenAlex,applicability domain,OpenAIRE,1.0,8,9,7,0.7
fisher kernel,OpenAIRE,fisher kernel,OpenAlex,1.0,8,7,7,0.875
fisher kernel,OpenAlex,fisher kernel,OpenAIRE,1.0,7,8,7,0.875
point distribution model,OpenAIRE,point distribution model,OpenAlex,1.0,6,4,4,0.6666666666666666
facial attractiveness,OpenAlex,facial symmetry,OpenAIRE,0.808158132620285,6,4,4,0.6666666666666666
workspace,OpenAIRE,workspace,OpenAlex,1.0,27,38,26,0.6666666666666666
workspace,OpenAlex,workspace,OpenAIRE,1.0,38,27,26,0.6666666666666666
denial-of-service attack,OpenAIRE,denial-of-service attack,OpenAlex,1.0,9,8,7,0.7
collinearity,OpenAlex,collinearity,OpenAIRE,1.0,10,9,8,0.7272727272727273
fundus (eye),OpenAIRE,fundus (uterus),OpenAlex,0.9273362270304868,23,27,20,0.6666666666666666
fundus (uterus),OpenAlex,fundus (eye),OpenAIRE,0.9273362270304868,27,23,20,0.6666666666666666
diabetic retinopathy,OpenAlex,diabetic retinopathy,OpenAIRE,1.0,17,21,15,0.6521739130434783
outgroup,OpenAlex,outgroup,OpenAIRE,1.0,7,9,7,0.7777777777777778
inverted pendulum,OpenAIRE,inverted pendulum,OpenAlex,1.0,19,25,19,0.76
markov random field,OpenAIRE,markov random field,OpenAlex,1.0,34,40,30,0.6818181818181818
ambidexterity,OpenAIRE,ambidexterity,OpenAlex,1.0,11,11,10,0.8333333333333334
ambidexterity,OpenAlex,ambidexterity,OpenAIRE,1.0,11,11,10,0.8333333333333334
sociotechnical system,OpenAIRE,sociotechnical system,OpenAlex,1.0,10,13,9,0.6428571428571429
sociotechnical system,OpenAlex,sociotechnical system,OpenAIRE,1.0,13,10,9,0.6428571428571429
digital image correlation,OpenAIRE,digital image correlation,OpenAlex,1.0,12,11,9,0.6428571428571429
digital image correlation,OpenAlex,digital image correlation,OpenAIRE,1.0,11,12,9,0.6428571428571429
speckle noise,OpenAlex,speckle noise,OpenAIRE,1.0,19,20,16,0.6956521739130435
coreference,OpenAlex,coreference,OpenAIRE,1.0,17,15,13,0.6842105263157895
reservoir computing,OpenAlex,reservoir computing,OpenAIRE,1.0,17,16,14,0.7368421052631579
fluency,OpenAIRE,fluency,OpenAlex,1.0,17,25,16,0.6153846153846154
fluency,OpenAlex,fluency,OpenAIRE,1.0,25,17,16,0.6153846153846154
crystal twinning,OpenAIRE,crystal twinning,OpenAlex,1.0,8,7,6,0.6666666666666666
strain rate,OpenAIRE,strain rate,OpenAlex,1.0,7,7,6,0.75
strain rate,OpenAlex,strain rate,OpenAIRE,1.0,7,7,6,0.75
crystal twinning,OpenAlex,crystal twinning,OpenAIRE,1.0,7,8,6,0.6666666666666666
python (programming language),OpenAIRE,python (programming language),OpenAlex,1.0,34,48,32,0.64
python (programming language),OpenAlex,python (programming language),OpenAIRE,1.0,48,34,32,0.64
landslide,OpenAIRE,landslide,OpenAlex,1.0,20,24,20,0.8333333333333334
bioconductor,OpenAIRE,bioconductor,OpenAlex,1.0,14,17,13,0.7222222222222222
bioconductor,OpenAlex,bioconductor,OpenAIRE,1.0,17,14,13,0.7222222222222222
scada,OpenAIRE,scada,OpenAlex,1.0,8,5,5,0.625
sensemaking,OpenAIRE,sensemaking,OpenAlex,1.0,16,18,14,0.7
sensemaking,OpenAlex,sensemaking,OpenAIRE,1.0,18,16,14,0.7
narcissism,OpenAIRE,narcissism,OpenAlex,1.0,6,5,5,0.8333333333333334
stakeholder theory,OpenAIRE,stakeholder theory,OpenAlex,1.0,13,14,12,0.8
stakeholder theory,OpenAlex,stakeholder theory,OpenAIRE,1.0,14,13,12,0.8
organizational identity,OpenAlex,organizational identity,OpenAIRE,1.0,8,11,8,0.7272727272727273
parallel tempering,OpenAIRE,parallel tempering,OpenAlex,1.0,8,7,6,0.6666666666666666
biomolecule,OpenAlex,biomolecule,OpenAIRE,1.0,12,11,9,0.6428571428571429
parallel tempering,OpenAlex,parallel tempering,OpenAIRE,1.0,7,8,6,0.6666666666666666
metamaterial,OpenAIRE,metamaterial,OpenAlex,1.0,13,18,12,0.631578947368421
metamaterial,OpenAlex,metamaterial,OpenAIRE,1.0,18,13,12,0.631578947368421
criticality,OpenAIRE,criticality,OpenAlex,1.0,8,10,7,0.6363636363636364
criticality,OpenAlex,criticality,OpenAIRE,1.0,10,8,7,0.6363636363636364
intelligibility (communication),OpenAIRE,intelligibility (philosophy),OpenAlex,0.9802201723232884,20,22,16,0.6153846153846154
speech enhancement,OpenAIRE,speech enhancement,OpenAlex,1.0,33,28,26,0.7428571428571429
intelligibility (philosophy),OpenAlex,intelligibility (communication),OpenAIRE,0.9802201723232884,22,20,16,0.6153846153846154
traceability,OpenAlex,traceability,OpenAIRE,1.0,6,6,5,0.7142857142857143
lithography,OpenAIRE,lithography,OpenAlex,1.0,7,7,6,0.75
lithography,OpenAlex,lithography,OpenAIRE,1.0,7,7,6,0.75
demodulation,OpenAIRE,demodulation,OpenAlex,1.0,9,14,9,0.6428571428571429
international business,OpenAlex,international business,OpenAIRE,1.0,26,29,21,0.6176470588235294
residence,OpenAIRE,residence,OpenAlex,1.0,6,7,5,0.625
tone mapping,OpenAIRE,tone mapping,OpenAlex,1.0,11,11,9,0.6923076923076923
tone mapping,OpenAlex,tone mapping,OpenAIRE,1.0,11,11,9,0.6923076923076923
qubit,OpenAlex,qubit,OpenAIRE,1.0,16,15,12,0.631578947368421
maximum power point tracking,OpenAIRE,maximum power principle,OpenAlex,0.8755489051375283,41,35,30,0.6521739130434783
heartbeat,OpenAlex,heartbeat,OpenAIRE,1.0,10,10,9,0.8181818181818182
metagenomics,OpenAIRE,metagenomics,OpenAlex,1.0,33,31,26,0.6842105263157895
16s ribosomal rna,OpenAlex,16s ribosomal rna,OpenAIRE,1.0,6,5,5,0.8333333333333334
passivity,OpenAIRE,passivity,OpenAlex,1.0,19,22,17,0.7083333333333334
silence,OpenAIRE,silence,OpenAlex,1.0,7,8,6,0.6666666666666666
silence,OpenAlex,silence,OpenAIRE,1.0,8,7,6,0.6666666666666666
circular economy,OpenAlex,circular economy,OpenAIRE,1.0,8,8,7,0.7777777777777778
string theory,OpenAIRE,string theory,OpenAlex,1.0,6,4,4,0.6666666666666666
adjacency matrix,OpenAIRE,adjacency matrix,OpenAlex,1.0,18,15,13,0.65
adjacency matrix,OpenAlex,adjacency matrix,OpenAIRE,1.0,15,18,13,0.65
circular dichroism,OpenAIRE,circular dichroism,OpenAlex,1.0,8,9,7,0.7
circular dichroism,OpenAlex,circular dichroism,OpenAIRE,1.0,9,8,7,0.7
collinearity,OpenAIRE,collinearity,OpenAlex,1.0,9,10,8,0.7272727272727273
unified medical language system,OpenAlex,unified medical language system,OpenAIRE,1.0,8,7,6,0.6666666666666666
panchromatic film,OpenAIRE,panchromatic film,OpenAlex,1.0,14,18,14,0.7777777777777778
panchromatic film,OpenAlex,panchromatic film,OpenAIRE,1.0,18,14,14,0.7777777777777778
monopolistic competition,OpenAIRE,monopolistic competition,OpenAlex,1.0,7,7,6,0.75
monopolistic competition,OpenAlex,monopolistic competition,OpenAIRE,1.0,7,7,6,0.75
controllability,OpenAIRE,controllability,OpenAlex,1.0,64,56,47,0.6438356164383562
active contour model,OpenAIRE,active contour model,OpenAlex,1.0,24,21,17,0.6071428571428571
openness to experience,OpenAlex,openness to experience,OpenAIRE,1.0,19,14,13,0.65
respondent,OpenAIRE,respondent,OpenAlex,1.0,9,13,9,0.6923076923076923
respondent,OpenAlex,respondent,OpenAIRE,1.0,13,9,9,0.6923076923076923
outgroup,OpenAIRE,outgroup,OpenAlex,1.0,9,7,7,0.7777777777777778
docking (molecular),OpenAIRE,docking (animal),OpenAlex,0.9758370465825692,28,26,24,0.8
hough transform,OpenAIRE,hough transform,OpenAlex,1.0,18,15,13,0.65
hough transform,OpenAlex,hough transform,OpenAIRE,1.0,15,18,13,0.65
theory of planned behavior,OpenAlex,theory of planned behavior,OpenAIRE,1.0,74,60,57,0.7402597402597403
molecular graphics,OpenAIRE,molecular graphics,OpenAlex,1.0,6,4,4,0.6666666666666666
mega-,OpenAlex,mega-,OpenAIRE,1.0,7,5,5,0.7142857142857143
hebbian theory,OpenAlex,hebbian theory,OpenAIRE,1.0,27,22,19,0.6333333333333333
helpfulness,OpenAlex,helpfulness,OpenAIRE,1.0,6,4,4,0.6666666666666666
ransac,OpenAIRE,ransac,OpenAlex,1.0,14,15,12,0.7058823529411765
ransac,OpenAlex,ransac,OpenAIRE,1.0,15,14,12,0.7058823529411765
pedestrian detection,OpenAIRE,pedestrian detection,OpenAlex,1.0,25,25,21,0.7241379310344828
pedestrian detection,OpenAlex,pedestrian detection,OpenAIRE,1.0,25,25,21,0.7241379310344828
lasso (programming language),OpenAlex,lasso (statistics),OpenAIRE,0.9543024020480222,44,35,30,0.6122448979591837
casp,OpenAIRE,casp,OpenAlex,1.0,6,6,5,0.7142857142857143
casp,OpenAlex,casp,OpenAIRE,1.0,6,6,5,0.7142857142857143
spotting,OpenAIRE,spotting,OpenAlex,1.0,9,11,8,0.6666666666666666
spotting,OpenAlex,spotting,OpenAIRE,1.0,11,9,8,0.6666666666666666
diffusion map,OpenAIRE,diffusion map,OpenAlex,1.0,9,9,7,0.6363636363636364
diffusion map,OpenAlex,diffusion map,OpenAIRE,1.0,9,9,7,0.6363636363636364
cointegration,OpenAIRE,cointegration,OpenAlex,1.0,11,12,9,0.6428571428571429
cointegration,OpenAlex,cointegration,OpenAIRE,1.0,12,11,9,0.6428571428571429
perl,OpenAIRE,perl,OpenAlex,1.0,8,9,8,0.8888888888888888
perl,OpenAlex,perl,OpenAIRE,1.0,9,8,8,0.8888888888888888
manifesto,OpenAIRE,manifesto,OpenAlex,1.0,6,7,6,0.8571428571428571
contact angle,OpenAlex,contact angle,OpenAIRE,1.0,6,7,5,0.625
diabetic retinopathy,OpenAIRE,diabetic retinopathy,OpenAlex,1.0,21,17,15,0.6521739130434783
visual odometry,OpenAlex,visual odometry,OpenAIRE,1.0,12,16,11,0.6470588235294118
automatic summarization,OpenAIRE,automatic summarization,OpenAlex,1.0,52,64,46,0.6571428571428571
automatic summarization,OpenAlex,automatic summarization,OpenAIRE,1.0,64,52,46,0.6571428571428571
formal concept analysis,OpenAIRE,formal concept analysis,OpenAlex,1.0,8,7,7,0.875
formal concept analysis,OpenAlex,formal concept analysis,OpenAIRE,1.0,7,8,7,0.875
database normalization,OpenAlex,database normalization,OpenAIRE,1.0,12,11,9,0.6428571428571429
inpainting,OpenAIRE,inpainting,OpenAlex,1.0,24,25,19,0.6333333333333333
inpainting,OpenAlex,inpainting,OpenAIRE,1.0,25,24,19,0.6333333333333333
tractography,OpenAlex,tractography,OpenAIRE,1.0,24,25,20,0.6896551724137931
collectivism,OpenAlex,collectivism,OpenAIRE,1.0,8,5,5,0.625
rivalry,OpenAIRE,rivalry,OpenAlex,1.0,11,11,9,0.6923076923076923
rivalry,OpenAlex,rivalry,OpenAIRE,1.0,11,11,9,0.6923076923076923
impulse noise,OpenAIRE,impulse noise,OpenAlex,1.0,10,9,8,0.7272727272727273
impulse noise,OpenAlex,impulse noise,OpenAIRE,1.0,9,10,8,0.7272727272727273
jerk,OpenAIRE,jerk,OpenAlex,1.0,8,8,7,0.7777777777777778
jerk,OpenAlex,jerk,OpenAIRE,1.0,8,8,7,0.7777777777777778
sma*,OpenAIRE,sma*,OpenAlex,1.0,8,7,6,0.6666666666666666
sma*,OpenAlex,sma*,OpenAIRE,1.0,7,8,6,0.6666666666666666
isolation by distance,OpenAIRE,isolation by distance,OpenAlex,1.0,6,4,4,0.6666666666666666
phonon,OpenAIRE,phonon,OpenAlex,1.0,6,8,6,0.75
graphene,OpenAlex,graphene,OpenAIRE,1.0,20,18,16,0.7272727272727273
downscaling,OpenAIRE,downscaling,OpenAlex,1.0,8,11,8,0.7272727272727273
downscaling,OpenAlex,downscaling,OpenAIRE,1.0,11,8,8,0.7272727272727273
fluidics,OpenAlex,fluidics,OpenAIRE,1.0,7,6,5,0.625
epigenesis,OpenAIRE,epigenesis,OpenAlex,1.0,6,4,4,0.6666666666666666
persuasion,OpenAIRE,persuasion,OpenAlex,1.0,22,22,17,0.6296296296296297
persuasion,OpenAlex,persuasion,OpenAIRE,1.0,22,22,17,0.6296296296296297
hilbert transform,OpenAIRE,hilbert transform,OpenAlex,1.0,8,6,6,0.75
hilbert–huang transform,OpenAlex,hilbert–huang transform,OpenAIRE,1.0,22,19,18,0.782608695652174
hilbert transform,OpenAlex,hilbert transform,OpenAIRE,1.0,6,8,6,0.75
iris recognition,OpenAIRE,iris recognition,OpenAlex,1.0,14,12,12,0.8571428571428571
sitting,OpenAIRE,sitting,OpenAlex,1.0,6,6,5,0.7142857142857143
sitting,OpenAlex,sitting,OpenAIRE,1.0,6,6,5,0.7142857142857143
brand loyalty,OpenAlex,brand loyalty,OpenAIRE,1.0,7,8,6,0.6666666666666666
multilinear map,OpenAIRE,multilinear map,OpenAlex,1.0,7,8,6,0.6666666666666666
multilinear map,OpenAlex,multilinear map,OpenAIRE,1.0,8,7,6,0.6666666666666666
satisficing,OpenAIRE,satisficing,OpenAlex,1.0,13,12,10,0.6666666666666666
simulation theory of empathy,OpenAIRE,simulation theory of empathy,OpenAlex,1.0,6,7,5,0.625
simulation theory of empathy,OpenAlex,simulation theory of empathy,OpenAIRE,1.0,7,6,5,0.625
stressor,OpenAIRE,stressor,OpenAlex,1.0,16,21,15,0.6818181818181818
stressor,OpenAlex,stressor,OpenAIRE,1.0,21,16,15,0.6818181818181818
database normalization,OpenAIRE,database normalization,OpenAlex,1.0,11,12,9,0.6428571428571429
gestalt psychology,OpenAIRE,gestalt psychology,OpenAlex,1.0,12,16,11,0.6470588235294118
switched reluctance motor,OpenAIRE,switched reluctance motor,OpenAlex,1.0,8,8,8,1.0
switched reluctance motor,OpenAlex,switched reluctance motor,OpenAIRE,1.0,8,8,8,1.0
fault tree analysis,OpenAIRE,fault tree analysis,OpenAlex,1.0,6,6,6,1.0
fault tree analysis,OpenAlex,fault tree analysis,OpenAIRE,1.0,6,6,6,1.0
petri net,OpenAlex,petri net,OpenAIRE,1.0,12,15,12,0.8
trajectory optimization,OpenAIRE,trajectory optimization,OpenAlex,1.0,15,14,11,0.6111111111111112
trajectory optimization,OpenAlex,trajectory optimization,OpenAIRE,1.0,14,15,11,0.6111111111111112
mendelian randomization analysis,OpenAIRE,mendelian randomization,OpenAlex,0.9331613642226064,8,9,7,0.7
mendelian randomization,OpenAlex,mendelian randomization analysis,OpenAIRE,0.9331613642226064,9,8,7,0.7
dysfunctional family,OpenAIRE,dysfunctional family,OpenAlex,1.0,6,7,6,0.8571428571428571
dysfunctional family,OpenAlex,dysfunctional family,OpenAIRE,1.0,7,6,6,0.8571428571428571
indigenous,OpenAlex,indigenous,OpenAIRE,1.0,6,6,5,0.7142857142857143
cerebral palsy,OpenAIRE,cerebral palsy,OpenAlex,1.0,7,5,5,0.7142857142857143
cellular automaton,OpenAlex,cellular automaton,OpenAIRE,1.0,40,32,30,0.7142857142857143
fiducial marker,OpenAIRE,fiducial marker,OpenAlex,1.0,13,18,12,0.631578947368421
occlusion,OpenAIRE,occlusion,OpenAlex,1.0,7,6,5,0.625
occlusion,OpenAlex,occlusion,OpenAIRE,1.0,6,7,5,0.625
fiducial marker,OpenAlex,fiducial marker,OpenAIRE,1.0,18,13,12,0.631578947368421
allostasis,OpenAlex,allostasis,OpenAIRE,1.0,6,5,5,0.8333333333333334
bankruptcy prediction,OpenAIRE,bankruptcy prediction,OpenAlex,1.0,8,10,7,0.6363636363636364
bankruptcy prediction,OpenAlex,bankruptcy prediction,OpenAIRE,1.0,10,8,7,0.6363636363636364
metabolomics,OpenAIRE,metabolomics,OpenAlex,1.0,17,12,11,0.6111111111111112
legitimation,OpenAIRE,legitimation,OpenAlex,1.0,6,9,6,0.6666666666666666
legitimation,OpenAlex,legitimation,OpenAIRE,1.0,9,6,6,0.6666666666666666
logistic model tree,OpenAIRE,logistic model tree,OpenAlex,1.0,7,6,5,0.625
logistic model tree,OpenAlex,logistic model tree,OpenAIRE,1.0,6,7,5,0.625
praxis,OpenAIRE,praxis,OpenAlex,1.0,6,8,6,0.75
praxis,OpenAlex,praxis,OpenAIRE,1.0,8,6,6,0.75
nonsynonymous substitution,OpenAlex,nonsynonymous substitution,OpenAIRE,1.0,20,17,16,0.7619047619047619
regulatory focus theory,OpenAlex,regulatory focus theory,OpenAIRE,1.0,6,5,5,0.8333333333333334
futures contract,OpenAIRE,futures contract,OpenAlex,1.0,14,18,13,0.6842105263157895
dephasing,OpenAIRE,dephasing,OpenAlex,1.0,6,7,6,0.8571428571428571
neuroevolution,OpenAlex,neuroevolution,OpenAIRE,1.0,6,7,5,0.625
relay,OpenAIRE,relay,OpenAlex,1.0,17,19,15,0.7142857142857143
relay,OpenAlex,relay,OpenAIRE,1.0,19,17,15,0.7142857142857143
ray tracing (physics),OpenAlex,ray tracing (graphics),OpenAIRE,0.981300832336266,6,9,6,0.6666666666666666
molecular motor,OpenAIRE,molecular motor,OpenAlex,1.0,14,22,14,0.6363636363636364
molecular motor,OpenAlex,molecular motor,OpenAIRE,1.0,22,14,14,0.6363636363636364
neuroticism,OpenAlex,neuroticism,OpenAIRE,1.0,10,9,8,0.7272727272727273
parallax,OpenAIRE,parallax,OpenAlex,1.0,10,13,10,0.7692307692307693
topology optimization,OpenAIRE,topology optimization,OpenAlex,1.0,9,7,7,0.7777777777777778
topology optimization,OpenAlex,topology optimization,OpenAIRE,1.0,7,9,7,0.7777777777777778
projection pursuit,OpenAIRE,projection pursuit,OpenAlex,1.0,7,8,6,0.6666666666666666
forgetting,OpenAlex,forgetting,OpenAIRE,1.0,25,27,20,0.625
adaptive beamformer,OpenAIRE,adaptive beamformer,OpenAlex,1.0,15,13,11,0.6470588235294118
rumination,OpenAIRE,rumination,OpenAlex,1.0,7,7,6,0.75
rumination,OpenAlex,rumination,OpenAIRE,1.0,7,7,6,0.75
prognostics,OpenAIRE,prognostics,OpenAlex,1.0,13,14,12,0.8
prognostics,OpenAlex,prognostics,OpenAIRE,1.0,14,13,12,0.8
microfoundations,OpenAIRE,microfoundations,OpenAlex,1.0,6,6,5,0.7142857142857143
microfoundations,OpenAlex,microfoundations,OpenAIRE,1.0,6,6,5,0.7142857142857143
bonferroni correction,OpenAIRE,bonferroni correction,OpenAlex,1.0,12,11,9,0.6428571428571429
bonferroni correction,OpenAlex,bonferroni correction,OpenAIRE,1.0,11,12,9,0.6428571428571429
differentiator,OpenAIRE,differentiator,OpenAlex,1.0,6,6,6,1.0
differentiator,OpenAlex,differentiator,OpenAIRE,1.0,6,6,6,1.0
sense of community,OpenAIRE,sense of community,OpenAlex,1.0,6,7,5,0.625
sense of community,OpenAlex,sense of community,OpenAIRE,1.0,7,6,5,0.625
cepstrum,OpenAlex,cepstrum,OpenAIRE,1.0,6,5,5,0.8333333333333334
emotive,OpenAIRE,emotive,OpenAlex,1.0,7,7,6,0.75
emotive,OpenAlex,emotive,OpenAIRE,1.0,7,7,6,0.75
impossibility,OpenAlex,impossibility,OpenAIRE,1.0,8,5,5,0.625
sexual dimorphism,OpenAIRE,sexual dimorphism,OpenAlex,1.0,8,7,7,0.875
sexual dimorphism,OpenAlex,sexual dimorphism,OpenAIRE,1.0,7,8,7,0.875
landslide,OpenAlex,landslide,OpenAIRE,1.0,24,20,20,0.8333333333333334
binocular rivalry,OpenAIRE,binocular rivalry,OpenAlex,1.0,8,7,7,0.875
monocular rivalry,OpenAIRE,binocular rivalry,OpenAlex,1.0000000293660385,6,7,6,0.8571428571428571
ocular dominance,OpenAIRE,ocular dominance,OpenAlex,1.0,10,13,9,0.6428571428571429
binocular rivalry,OpenAlex,binocular rivalry,OpenAIRE,1.0,7,8,7,0.875
binocular rivalry,OpenAlex,monocular rivalry,OpenAIRE,1.0000000293660385,7,6,6,0.8571428571428571
thematic analysis,OpenAIRE,thematic analysis,OpenAlex,1.0,10,11,8,0.6153846153846154
thematic analysis,OpenAlex,thematic analysis,OpenAIRE,1.0,11,10,8,0.6153846153846154
energy harvesting,OpenAIRE,energy harvesting,OpenAlex,1.0,16,19,15,0.75
energy harvesting,OpenAlex,energy harvesting,OpenAIRE,1.0,19,16,15,0.75
neuroticism,OpenAIRE,neuroticism,OpenAlex,1.0,9,10,8,0.7272727272727273
oligonucleotide,OpenAlex,oligonucleotide,OpenAIRE,1.0,7,5,5,0.7142857142857143
lottery,OpenAlex,lottery,OpenAIRE,1.0,6,4,4,0.6666666666666666
symbolic data analysis,OpenAlex,symbolic data analysis,OpenAIRE,1.0,6,4,4,0.6666666666666666
akaike information criterion,OpenAIRE,akaike information criterion,OpenAlex,1.0,32,32,28,0.7777777777777778
akaike information criterion,OpenAlex,akaike information criterion,OpenAIRE,1.0,32,32,28,0.7777777777777778
dock,OpenAlex,dock,OpenAIRE,1.0,6,5,5,0.8333333333333334
contourlet,OpenAIRE,contourlet,OpenAlex,1.0,7,6,5,0.625
contourlet,OpenAlex,contourlet,OpenAIRE,1.0,6,7,5,0.625
supply chain risk management,OpenAlex,supply chain risk management,OpenAIRE,1.0,25,22,18,0.6206896551724138
odometry,OpenAIRE,odometry,OpenAlex,1.0,8,12,8,0.6666666666666666
visual odometry,OpenAIRE,visual odometry,OpenAlex,1.0,16,12,11,0.6470588235294118
ray tracing (graphics),OpenAIRE,ray tracing (physics),OpenAlex,0.981300832336266,9,6,6,0.6666666666666666
project charter,OpenAIRE,project charter,OpenAlex,1.0,8,5,5,0.625
nonsynonymous substitution,OpenAIRE,nonsynonymous substitution,OpenAlex,1.0,17,20,16,0.7619047619047619
memristor,OpenAIRE,memristor,OpenAlex,1.0,27,27,26,0.9285714285714286
memristor,OpenAlex,memristor,OpenAIRE,1.0,27,27,26,0.9285714285714286
optical coherence tomography,OpenAIRE,optical coherence tomography,OpenAlex,1.0,23,25,21,0.7777777777777778
voltage droop,OpenAIRE,voltage droop,OpenAlex,1.0,23,27,22,0.7857142857142857
voltage droop,OpenAlex,voltage droop,OpenAIRE,1.0,27,23,22,0.7857142857142857
satisficing,OpenAlex,satisficing,OpenAIRE,1.0,12,13,10,0.6666666666666666
virulence,OpenAIRE,virulence,OpenAlex,1.0,12,8,8,0.6666666666666666
nonholonomic system,OpenAIRE,nonholonomic system,OpenAlex,1.0,23,24,20,0.7407407407407407
critical success factor,OpenAIRE,critical success factor,OpenAlex,1.0,8,5,5,0.625
inverted pendulum,OpenAlex,inverted pendulum,OpenAIRE,1.0,25,19,19,0.76
peer feedback,OpenAlex,peer feedback,OpenAIRE,1.0,11,13,10,0.7142857142857143
duty cycle,OpenAlex,duty cycle,OpenAIRE,1.0,9,7,7,0.7777777777777778
underdetermined system,OpenAIRE,underdetermined system,OpenAlex,1.0,13,12,12,0.9230769230769232
underdetermined system,OpenAlex,underdetermined system,OpenAIRE,1.0,12,13,12,0.9230769230769232
transposable element,OpenAlex,transposable element,OpenAIRE,1.0,14,14,12,0.75
upper ontology,OpenAIRE,upper ontology,OpenAlex,1.0,10,8,7,0.6363636363636364
upper ontology,OpenAlex,upper ontology,OpenAIRE,1.0,8,10,7,0.6363636363636364
cuckoo search,OpenAIRE,cuckoo search,OpenAlex,1.0,6,5,5,0.8333333333333334
phase retrieval,OpenAIRE,phase retrieval,OpenAlex,1.0,15,14,12,0.7058823529411765
phase retrieval,OpenAlex,phase retrieval,OpenAIRE,1.0,14,15,12,0.7058823529411765
dialogic,OpenAlex,dialogic,OpenAIRE,1.0,6,5,5,0.8333333333333334
laparoscopy,OpenAlex,laparoscopic surgery,OpenAIRE,0.8299285677062949,6,5,5,0.8333333333333334
heuristic evaluation,OpenAIRE,heuristic evaluation,OpenAlex,1.0,9,8,7,0.7
heuristic evaluation,OpenAlex,heuristic evaluation,OpenAIRE,1.0,8,9,7,0.7
optimal foraging theory,OpenAlex,optimal foraging theory,OpenAIRE,1.0,12,8,8,0.6666666666666666
underactuation,OpenAIRE,underactuation,OpenAlex,1.0,19,18,16,0.7619047619047619
underactuation,OpenAlex,underactuation,OpenAIRE,1.0,18,19,16,0.7619047619047619
residence,OpenAlex,residence,OpenAIRE,1.0,7,6,5,0.625
ode,OpenAIRE,ode,OpenAlex,1.0,7,7,6,0.75
ode,OpenAlex,ode,OpenAIRE,1.0,7,7,6,0.75
zernike polynomials,OpenAIRE,zernike polynomials,OpenAlex,1.0,12,13,11,0.7857142857142857
zernike polynomials,OpenAlex,zernike polynomials,OpenAIRE,1.0,13,12,11,0.7857142857142857
burnout,OpenAIRE,burnout,OpenAlex,1.0,10,13,10,0.7692307692307693
burnout,OpenAlex,burnout,OpenAIRE,1.0,13,10,10,0.7692307692307693
integrator,OpenAlex,integrator,OpenAIRE,1.0,21,17,16,0.7272727272727273
status quo,OpenAIRE,status quo,OpenAlex,1.0,7,8,7,0.875
status quo,OpenAlex,status quo,OpenAIRE,1.0,8,7,7,0.875
reputation,OpenAlex,reputation,OpenAIRE,1.0,40,33,28,0.6222222222222222
character displacement,OpenAIRE,character displacement,OpenAlex,1.0,7,8,6,0.6666666666666666
adaptive radiation,OpenAIRE,adaptive radiation,OpenAlex,1.0,8,10,7,0.6363636363636364
adaptive radiation,OpenAlex,adaptive radiation,OpenAIRE,1.0,10,8,7,0.6363636363636364
character displacement,OpenAlex,character displacement,OpenAIRE,1.0,8,7,6,0.6666666666666666
false memory,OpenAIRE,false memory,OpenAlex,1.0,6,8,6,0.75
false memory,OpenAlex,false memory,OpenAIRE,1.0,8,6,6,0.75
isometric exercise,OpenAlex,isometric exercise,OpenAIRE,1.0,6,5,5,0.8333333333333334
interoception,OpenAIRE,interoception,OpenAlex,1.0,7,7,7,1.0
interoception,OpenAlex,interoception,OpenAIRE,1.0,7,7,7,1.0
vikor method,OpenAIRE,vikor method,OpenAlex,1.0,9,8,8,0.8888888888888888
vikor method,OpenAlex,vikor method,OpenAIRE,1.0,8,9,8,0.8888888888888888
delaunay triangulation,OpenAIRE,delaunay triangulation,OpenAlex,1.0,6,7,5,0.625
delaunay triangulation,OpenAlex,delaunay triangulation,OpenAIRE,1.0,7,6,5,0.625
projection pursuit,OpenAlex,projection pursuit,OpenAIRE,1.0,8,7,6,0.6666666666666666
moderate-resolution imaging spectroradiometer,OpenAIRE,moderate-resolution imaging spectroradiometer,OpenAlex,1.0,13,13,11,0.7333333333333333
moderate-resolution imaging spectroradiometer,OpenAlex,moderate-resolution imaging spectroradiometer,OpenAIRE,1.0,13,13,11,0.7333333333333333
macular degeneration,OpenAIRE,macular degeneration,OpenAlex,1.0,8,5,5,0.625
hvac,OpenAIRE,hvac,OpenAlex,1.0,11,10,10,0.9090909090909092
hvac,OpenAlex,hvac,OpenAIRE,1.0,10,11,10,0.9090909090909092
tractography,OpenAIRE,tractography,OpenAlex,1.0,25,24,20,0.6896551724137931
anisotropic diffusion,OpenAIRE,anisotropic diffusion,OpenAlex,1.0,10,10,8,0.6666666666666666
anisotropic diffusion,OpenAlex,anisotropic diffusion,OpenAIRE,1.0,10,10,8,0.6666666666666666
solid mechanics,OpenAIRE,solid mechanics,OpenAlex,1.0,6,7,5,0.625
solid mechanics,OpenAlex,solid mechanics,OpenAIRE,1.0,7,6,5,0.625
control chart,OpenAIRE,control chart,OpenAlex,1.0,11,15,10,0.625
control chart,OpenAlex,control chart,OpenAIRE,1.0,15,11,10,0.625
demodulation,OpenAlex,demodulation,OpenAIRE,1.0,14,9,9,0.6428571428571429
lung cancer,OpenAlex,lung cancer,OpenAIRE,1.0,6,4,4,0.6666666666666666
asymptotically optimal algorithm,OpenAlex,asymptotically optimal algorithm,OpenAIRE,1.0,6,4,4,0.6666666666666666
petri net,OpenAIRE,petri net,OpenAlex,1.0,15,12,12,0.8
odometry,OpenAlex,odometry,OpenAIRE,1.0,12,8,8,0.6666666666666666
ghost imaging,OpenAlex,ghost imaging,OpenAIRE,1.0,6,6,5,0.7142857142857143
crystal structure prediction,OpenAIRE,crystal structure prediction,OpenAlex,1.0,6,9,6,0.6666666666666666
signal peptide,OpenAIRE,signal peptide,OpenAlex,1.0,8,9,7,0.7
signal peptide,OpenAlex,signal peptide,OpenAIRE,1.0,9,8,7,0.7
detrended fluctuation analysis,OpenAIRE,detrended fluctuation analysis,OpenAlex,1.0,7,8,7,0.875
detrended fluctuation analysis,OpenAlex,detrended fluctuation analysis,OpenAIRE,1.0,8,7,7,0.875
metadata,OpenAlex,metadata,OpenAIRE,1.0,19,15,14,0.7
nanotube,OpenAlex,nanotube,OpenAIRE,1.0,6,5,5,0.8333333333333334
biomedicine,OpenAIRE,biomedicine,OpenAlex,1.0,10,9,8,0.7272727272727273
biomedicine,OpenAlex,biomedicine,OpenAIRE,1.0,9,10,8,0.7272727272727273
heartbeat,OpenAIRE,heartbeat,OpenAlex,1.0,10,10,9,0.8181818181818182
intrapersonal communication,OpenAIRE,intrapersonal communication,OpenAlex,1.0,10,11,9,0.75
intrapersonal communication,OpenAlex,intrapersonal communication,OpenAIRE,1.0,11,10,9,0.75
pathogenesis,OpenAIRE,pathogenesis,OpenAlex,1.0,6,6,5,0.7142857142857143
pathogenesis,OpenAlex,pathogenesis,OpenAIRE,1.0,6,6,5,0.7142857142857143
intron,OpenAIRE,intron,OpenAlex,1.0,7,7,6,0.75
intron,OpenAlex,intron,OpenAIRE,1.0,7,7,6,0.75
iterative learning control,OpenAIRE,iterative learning control,OpenAlex,1.0,10,10,9,0.8181818181818182
iterative learning control,OpenAlex,iterative learning control,OpenAIRE,1.0,10,10,9,0.8181818181818182
brand loyalty,OpenAIRE,brand loyalty,OpenAlex,1.0,8,7,6,0.6666666666666666
genbank,OpenAIRE,genbank,OpenAlex,1.0,6,5,5,0.8333333333333334
uniprot,OpenAIRE,uniprot,OpenAlex,1.0,8,11,8,0.7272727272727273
chronic pain,OpenAIRE,chronic pain,OpenAlex,1.0,9,9,8,0.8
chronic pain,OpenAlex,chronic pain,OpenAIRE,1.0,9,9,8,0.8
supply chain risk management,OpenAIRE,supply chain risk management,OpenAlex,1.0,22,25,18,0.6206896551724138
stairstep interpolation,OpenAlex,stairstep interpolation,OpenAIRE,1.0,6,7,5,0.625
beijing,OpenAlex,beijing,OpenAIRE,1.0,6,4,4,0.6666666666666666
hypertext,OpenAlex,hypertext,OpenAIRE,1.0,13,10,9,0.6428571428571429
defeasible estate,OpenAIRE,defeasible estate,OpenAlex,1.0,6,8,6,0.75
defeasible estate,OpenAlex,defeasible estate,OpenAIRE,1.0,8,6,6,0.75
ocular dominance,OpenAlex,ocular dominance,OpenAIRE,1.0,13,10,9,0.6428571428571429
parallax,OpenAlex,parallax,OpenAIRE,1.0,13,10,10,0.7692307692307693
peer feedback,OpenAIRE,peer feedback,OpenAlex,1.0,13,11,10,0.7142857142857143
copying,OpenAIRE,copying,OpenAlex,1.0,6,7,5,0.625
copying,OpenAlex,copying,OpenAIRE,1.0,7,6,5,0.625
ligo,OpenAIRE,ligo,OpenAlex,1.0,7,7,6,0.75
ligo,OpenAlex,ligo,OpenAIRE,1.0,7,7,6,0.75
inbreeding depression,OpenAIRE,inbreeding depression,OpenAlex,1.0,7,6,6,0.8571428571428571
inbreeding depression,OpenAlex,inbreeding depression,OpenAIRE,1.0,6,7,6,0.8571428571428571
sociocultural perspective,OpenAIRE,sociocultural perspective,OpenAlex,1.0,6,7,5,0.625
stator,OpenAlex,stator,OpenAIRE,1.0,28,21,21,0.75
curvelet,OpenAIRE,curvelet,OpenAlex,1.0,9,9,7,0.6363636363636364
curvelet,OpenAlex,curvelet,OpenAIRE,1.0,9,9,7,0.6363636363636364
nonlinear conjugate gradient method,OpenAIRE,nonlinear conjugate gradient method,OpenAlex,1.0,6,6,5,0.7142857142857143
nonlinear conjugate gradient method,OpenAlex,nonlinear conjugate gradient method,OpenAIRE,1.0,6,6,5,0.7142857142857143
achromatic lens,OpenAIRE,achromatic lens,OpenAlex,1.0,6,9,6,0.6666666666666666
achromatic lens,OpenAlex,achromatic lens,OpenAIRE,1.0,9,6,6,0.6666666666666666
boolean network,OpenAlex,boolean network,OpenAIRE,1.0,7,5,5,0.7142857142857143
fractional brownian motion,OpenAIRE,fractional brownian motion,OpenAlex,1.0,7,6,6,0.8571428571428571
fractional brownian motion,OpenAlex,fractional brownian motion,OpenAIRE,1.0,6,7,6,0.8571428571428571
nanowire,OpenAlex,nanowire,OpenAIRE,1.0,8,5,5,0.625
project risk management,OpenAIRE,project risk management,OpenAlex,1.0,6,7,5,0.625
project risk management,OpenAlex,project risk management,OpenAIRE,1.0,7,6,5,0.625
brand extension,OpenAIRE,brand awareness,OpenAlex,0.8307555689976389,8,12,8,0.6666666666666666
phasor,OpenAIRE,phasor,OpenAlex,1.0,9,9,9,1.0
phasor,OpenAlex,phasor,OpenAIRE,1.0,9,9,9,1.0
groundwater,OpenAIRE,groundwater,OpenAlex,1.0,6,9,6,0.6666666666666666
groundwater,OpenAlex,groundwater,OpenAIRE,1.0,9,6,6,0.6666666666666666
thermal comfort,OpenAIRE,thermal comfort,OpenAlex,1.0,6,9,6,0.6666666666666666
thermal comfort,OpenAlex,thermal comfort,OpenAIRE,1.0,9,6,6,0.6666666666666666
sociocultural perspective,OpenAlex,sociocultural perspective,OpenAIRE,1.0,7,6,5,0.625
diagrammatic reasoning,OpenAIRE,diagrammatic reasoning,OpenAlex,1.0,7,6,5,0.625
stall (fluid mechanics),OpenAIRE,stall (fluid mechanics),OpenAlex,1.0,6,8,6,0.75
wing,OpenAIRE,wing,OpenAlex,1.0,6,5,5,0.8333333333333334
stall (fluid mechanics),OpenAlex,stall (fluid mechanics),OpenAIRE,1.0,8,6,6,0.75
open biomedical ontologies,OpenAIRE,open biomedical ontologies,OpenAlex,1.0,9,9,8,0.8
open biomedical ontologies,OpenAlex,open biomedical ontologies,OpenAIRE,1.0,9,9,8,0.8
adaptive beamformer,OpenAlex,adaptive beamformer,OpenAIRE,1.0,13,15,11,0.6470588235294118
brand extension,OpenAIRE,brand extension,OpenAlex,1.0,8,8,7,0.7777777777777778
soar,OpenAlex,soar,OpenAIRE,1.0,6,4,4,0.6666666666666666
uniprot,OpenAlex,uniprot,OpenAIRE,1.0,11,8,8,0.7272727272727273
terminal sliding mode,OpenAlex,terminal sliding mode,OpenAIRE,1.0,6,5,5,0.8333333333333334
class-size reduction,OpenAIRE,class size,OpenAlex,0.8123496563792719,9,9,7,0.6363636363636364
class size,OpenAIRE,class size,OpenAlex,1.0,13,9,9,0.6923076923076923
class size,OpenAlex,class-size reduction,OpenAIRE,0.8123496563792719,9,9,7,0.6363636363636364
indigenous,OpenAIRE,indigenous,OpenAlex,1.0,6,6,5,0.7142857142857143
anchoring,OpenAlex,anchoring,OpenAIRE,1.0,7,5,5,0.7142857142857143
brand awareness,OpenAlex,brand extension,OpenAIRE,0.8307555689976389,12,8,8,0.6666666666666666
brand extension,OpenAlex,brand extension,OpenAIRE,1.0,8,8,7,0.7777777777777778
general partnership,OpenAIRE,general partnership,OpenAlex,1.0,7,7,6,0.75
general partnership,OpenAlex,general partnership,OpenAIRE,1.0,7,7,6,0.75
rayleigh wave,OpenAlex,rayleigh wave,OpenAIRE,1.0,6,4,4,0.6666666666666666
conservation law,OpenAIRE,conservation law,OpenAlex,1.0,12,12,10,0.7142857142857143
conservation law,OpenAlex,conservation law,OpenAIRE,1.0,12,12,10,0.7142857142857143
spelling,OpenAIRE,spelling,OpenAlex,1.0,6,6,5,0.7142857142857143
spelling,OpenAlex,spelling,OpenAIRE,1.0,6,6,5,0.7142857142857143
embodied energy,OpenAIRE,embodied energy,OpenAlex,1.0,7,6,6,0.8571428571428571
embodied energy,OpenAlex,embodied energy,OpenAIRE,1.0,6,7,6,0.8571428571428571
admittance,OpenAlex,admittance parameters,OpenAIRE,0.8489759488259038,6,4,4,0.6666666666666666
circular economy,OpenAIRE,circular economy,OpenAlex,1.0,8,8,7,0.7777777777777778
diagrammatic reasoning,OpenAlex,diagrammatic reasoning,OpenAIRE,1.0,6,7,5,0.625
binaural recording,OpenAlex,binaural recording,OpenAIRE,1.0,8,5,5,0.625
continuance,OpenAlex,continuance,OpenAIRE,1.0,6,5,5,0.8333333333333334
approximate entropy,OpenAIRE,approximate entropy,OpenAlex,1.0,10,13,9,0.6428571428571429
repeatability,OpenAIRE,repeatability,OpenAlex,1.0,6,6,5,0.7142857142857143
repeatability,OpenAlex,repeatability,OpenAIRE,1.0,6,6,5,0.7142857142857143
metadynamics,OpenAIRE,metadynamics,OpenAlex,1.0,7,7,7,1.0
metadynamics,OpenAlex,metadynamics,OpenAIRE,1.0,7,7,7,1.0
fluidics,OpenAIRE,fluidics,OpenAlex,1.0,6,7,5,0.625
airfoil,OpenAIRE,airfoil,OpenAlex,1.0,9,9,8,0.8
airfoil,OpenAlex,airfoil,OpenAIRE,1.0,9,9,8,0.8
pronunciation,OpenAIRE,pronunciation,OpenAlex,1.0,8,10,7,0.6363636363636364
work engagement,OpenAIRE,work engagement,OpenAlex,1.0,7,7,6,0.75
work engagement,OpenAlex,work engagement,OpenAIRE,1.0,7,7,6,0.75
precuneus,OpenAIRE,precuneus,OpenAlex,1.0,6,5,5,0.8333333333333334
firefly algorithm,OpenAIRE,firefly algorithm,OpenAlex,1.0,6,7,5,0.625
firefly algorithm,OpenAIRE,firefly protocol,OpenAlex,0.9056083582937052,6,4,4,0.6666666666666666
firefly algorithm,OpenAlex,firefly algorithm,OpenAIRE,1.0,7,6,5,0.625
directed evolution,OpenAIRE,directed evolution,OpenAlex,1.0,7,5,5,0.7142857142857143
directed evolution,OpenAIRE,directed molecular evolution,OpenAlex,0.9394300658414968,7,5,5,0.7142857142857143
supercapacitor,OpenAIRE,supercapacitor,OpenAlex,1.0,6,6,5,0.7142857142857143
phonotactics,OpenAIRE,phonotactics,OpenAlex,1.0,9,11,9,0.8181818181818182
phonotactics,OpenAlex,phonotactics,OpenAIRE,1.0,11,9,9,0.8181818181818182
femtosecond,OpenAIRE,femtosecond,OpenAlex,1.0,6,7,5,0.625
femtosecond,OpenAlex,femtosecond,OpenAIRE,1.0,7,6,5,0.625
visual servoing,OpenAIRE,visual servoing,OpenAlex,1.0,8,9,7,0.7
visual servoing,OpenAlex,visual servoing,OpenAIRE,1.0,9,8,7,0.7
photogrammetry,OpenAIRE,photogrammetry,OpenAlex,1.0,20,19,17,0.7727272727272727
photogrammetry,OpenAlex,photogrammetry,OpenAIRE,1.0,19,20,17,0.7727272727272727
automatic target recognition,OpenAIRE,automatic target recognition,OpenAlex,1.0,6,4,4,0.6666666666666666
procurement,OpenAIRE,procurement,OpenAlex,1.0,14,14,11,0.6470588235294118
procurement,OpenAlex,procurement,OpenAIRE,1.0,14,14,11,0.6470588235294118
mesoderm,OpenAlex,mesoderm,OpenAIRE,1.0,6,4,4,0.6666666666666666
mesoderm,OpenAlex,paraxial mesoderm,OpenAIRE,0.878798784159725,6,4,4,0.6666666666666666
perirhinal cortex,OpenAlex,perirhinal cortex,OpenAIRE,1.0,6,5,5,0.8333333333333334
dicom,OpenAIRE,dicom,OpenAlex,1.0,6,7,6,0.8571428571428571
dicom,OpenAlex,dicom,OpenAIRE,1.0,7,6,6,0.8571428571428571
confusion matrix,OpenAIRE,confusion matrix,OpenAlex,1.0,9,10,8,0.7272727272727273
confusion matrix,OpenAlex,confusion matrix,OpenAIRE,1.0,10,9,8,0.7272727272727273
strategic choice theory,OpenAIRE,strategic choice theory,OpenAlex,1.0,9,6,6,0.6666666666666666
strategic choice theory,OpenAlex,strategic choice theory,OpenAIRE,1.0,6,9,6,0.6666666666666666
ripple,OpenAlex,ripple,OpenAIRE,1.0,14,13,11,0.6875
reservoir computing,OpenAIRE,reservoir computing,OpenAlex,1.0,16,17,14,0.7368421052631579
echo state network,OpenAIRE,echo state network,OpenAlex,1.0,6,6,5,0.7142857142857143
stylized fact,OpenAlex,stylized fact,OpenAIRE,1.0,12,15,11,0.6875
stairstep interpolation,OpenAIRE,stairstep interpolation,OpenAlex,1.0,7,6,5,0.625
eulerian path,OpenAIRE,eulerian path,OpenAlex,1.0,6,5,5,0.8333333333333334
economic rent,OpenAlex,economic rent,OpenAIRE,1.0,6,4,4,0.6666666666666666
partial correlation,OpenAIRE,partial correlation,OpenAlex,1.0,7,8,6,0.6666666666666666
presupposition,OpenAIRE,presupposition,OpenAlex,1.0,11,9,8,0.6666666666666666
presupposition,OpenAlex,presupposition,OpenAIRE,1.0,9,11,8,0.6666666666666666
ripple,OpenAIRE,ripple,OpenAlex,1.0,13,14,11,0.6875
shear (geology),OpenAlex,shear (geology),OpenAIRE,1.0,6,4,4,0.6666666666666666
coreference,OpenAIRE,coreference,OpenAlex,1.0,15,17,13,0.6842105263157895
approximate entropy,OpenAlex,approximate entropy,OpenAIRE,1.0,13,10,9,0.6428571428571429
taguchi methods,OpenAIRE,taguchi methods,OpenAlex,1.0,8,6,6,0.75
taguchi methods,OpenAlex,taguchi methods,OpenAIRE,1.0,6,8,6,0.75
temporality,OpenAlex,temporality,OpenAIRE,1.0,7,5,5,0.7142857142857143
futures contract,OpenAlex,futures contract,OpenAIRE,1.0,18,14,13,0.6842105263157895
supercapacitor,OpenAlex,supercapacitor,OpenAIRE,1.0,6,6,5,0.7142857142857143
video quality,OpenAIRE,subjective video quality,OpenAlex,0.9429475164537036,11,8,8,0.7272727272727273
subjective video quality,OpenAlex,video quality,OpenAIRE,0.9429475164537036,8,11,8,0.7272727272727273
gestalt psychology,OpenAlex,gestalt psychology,OpenAIRE,1.0,16,12,11,0.6470588235294118
bursting,OpenAIRE,bursting,OpenAlex,1.0,10,12,9,0.6923076923076923
salinity,OpenAIRE,salinity,OpenAlex,1.0,6,6,5,0.7142857142857143
computational thinking,OpenAlex,computational thinking,OpenAIRE,1.0,9,10,9,0.9
reinterpretation,OpenAlex,reinterpretation,OpenAIRE,1.0,7,5,5,0.7142857142857143
formant,OpenAIRE,formant,OpenAlex,1.0,8,9,7,0.7
formant,OpenAlex,formant,OpenAIRE,1.0,9,8,7,0.7
terahertz radiation,OpenAIRE,terahertz radiation,OpenAlex,1.0,8,8,7,0.7777777777777778
terahertz radiation,OpenAlex,terahertz radiation,OpenAIRE,1.0,8,8,7,0.7777777777777778
offensive,OpenAlex,offensive,OpenAIRE,1.0,7,5,5,0.7142857142857143
hebbian theory,OpenAIRE,hebbian theory,OpenAlex,1.0,22,27,19,0.6333333333333333
inattentional blindness,OpenAIRE,inattentional blindness,OpenAlex,1.0,7,8,6,0.6666666666666666
inattentional blindness,OpenAlex,inattentional blindness,OpenAIRE,1.0,8,7,6,0.6666666666666666
bursting,OpenAlex,bursting,OpenAIRE,1.0,12,10,9,0.6923076923076923
electronic nose,OpenAIRE,electronic nose,OpenAlex,1.0,10,12,9,0.6923076923076923
electronic nose,OpenAlex,electronic nose,OpenAIRE,1.0,12,10,9,0.6923076923076923
forest inventory,OpenAIRE,forest inventory,OpenAlex,1.0,6,6,5,0.7142857142857143
forest inventory,OpenAlex,forest inventory,OpenAIRE,1.0,6,6,5,0.7142857142857143
newspaper,OpenAIRE,newspaper,OpenAlex,1.0,10,13,9,0.6428571428571429
crystal structure prediction,OpenAlex,crystal structure prediction,OpenAIRE,1.0,9,6,6,0.6666666666666666
locus of control,OpenAIRE,locus of control,OpenAlex,1.0,9,7,7,0.7777777777777778
locus of control,OpenAlex,locus of control,OpenAIRE,1.0,7,9,7,0.7777777777777778
torque ripple,OpenAlex,torque ripple,OpenAIRE,1.0,8,5,5,0.625
microrna,OpenAIRE,microrna,OpenAlex,1.0,6,7,6,0.8571428571428571
microrna,OpenAlex,microrna,OpenAIRE,1.0,7,6,6,0.8571428571428571
photodiode,OpenAIRE,photodiode,OpenAlex,1.0,6,6,5,0.7142857142857143
photodiode,OpenAlex,photodiode,OpenAIRE,1.0,6,6,5,0.7142857142857143
stylized fact,OpenAIRE,stylized fact,OpenAlex,1.0,15,12,11,0.6875
state of charge,OpenAlex,state of charge,OpenAIRE,1.0,6,4,4,0.6666666666666666
phonon,OpenAlex,phonon,OpenAIRE,1.0,8,6,6,0.75
color filter array,OpenAIRE,color filter array,OpenAlex,1.0,6,4,4,0.6666666666666666
computational thinking,OpenAIRE,computational thinking,OpenAlex,1.0,10,9,9,0.9
new public management,OpenAIRE,new public management,OpenAlex,1.0,6,4,4,0.6666666666666666
range of motion,OpenAIRE,range of motion,OpenAlex,1.0,8,7,6,0.6666666666666666
shape-memory polymer,OpenAIRE,shape-memory polymer,OpenAlex,1.0,7,8,7,0.875
boredom,OpenAIRE,boredom,OpenAlex,1.0,6,5,5,0.8333333333333334
echo state network,OpenAlex,echo state network,OpenAIRE,1.0,6,6,5,0.7142857142857143
partial correlation,OpenAlex,partial correlation,OpenAIRE,1.0,8,7,6,0.6666666666666666
recall test,OpenAIRE,recall test,OpenAlex,1.0,7,6,5,0.625
recall test,OpenAlex,recall test,OpenAIRE,1.0,6,7,5,0.625
shannon–fano coding,OpenAIRE,shannon–fano coding,OpenAlex,1.0,8,5,5,0.625
quantile regression,OpenAIRE,quantile regression,OpenAlex,1.0,8,10,8,0.8
quantile,OpenAIRE,quantile regression,OpenAlex,0.9174814467733052,13,10,9,0.6428571428571429
nonholonomic system,OpenAlex,nonholonomic system,OpenAIRE,1.0,24,23,20,0.7407407407407407
tribology,OpenAIRE,tribology,OpenAlex,1.0,7,8,6,0.6666666666666666
tribology,OpenAlex,tribology,OpenAIRE,1.0,8,7,6,0.6666666666666666
neuroevolution,OpenAIRE,neuroevolution,OpenAlex,1.0,7,6,5,0.625
shape-memory polymer,OpenAlex,shape-memory polymer,OpenAIRE,1.0,8,7,7,0.875
dephasing,OpenAlex,dephasing,OpenAIRE,1.0,7,6,6,0.8571428571428571
quantile regression,OpenAlex,quantile regression,OpenAIRE,1.0,10,8,8,0.8
thermal conductivity,OpenAIRE,thermal conductivity,OpenAlex,1.0,6,7,5,0.625
recidivism,OpenAlex,recidivism,OpenAIRE,1.0,6,5,5,0.8333333333333334
deadlock,OpenAIRE,deadlock,OpenAlex,1.0,6,4,4,0.6666666666666666
sequential minimal optimization,OpenAIRE,sequential minimal optimization,OpenAlex,1.0,8,5,5,0.625
thermal conductivity,OpenAlex,thermal conductivity,OpenAIRE,1.0,7,6,5,0.625
pronunciation,OpenAlex,pronunciation,OpenAIRE,1.0,10,8,7,0.6363636363636364
metaplasticity,OpenAIRE,metaplasticity,OpenAlex,1.0,7,9,7,0.7777777777777778
metaplasticity,OpenAlex,metaplasticity,OpenAIRE,1.0,9,7,7,0.7777777777777778
mean-shift,OpenAIRE,mean-shift,OpenAlex,1.0,8,5,5,0.625
dijkstra's algorithm,OpenAlex,dijkstra's algorithm,OpenAIRE,1.0,6,4,4,0.6666666666666666
design thinking,OpenAIRE,design thinking,OpenAlex,1.0,6,5,5,0.8333333333333334
compositional data,OpenAIRE,compositional data,OpenAlex,1.0,7,8,6,0.6666666666666666
compositional data,OpenAlex,compositional data,OpenAIRE,1.0,8,7,6,0.6666666666666666
allometry,OpenAIRE,allometry,OpenAlex,1.0,6,4,4,0.6666666666666666
infomax,OpenAIRE,infomax,OpenAlex,1.0,7,6,5,0.625
infomax,OpenAlex,infomax,OpenAIRE,1.0,6,7,5,0.625
organizational identity,OpenAIRE,organizational identity,OpenAlex,1.0,11,8,8,0.7272727272727273
fluctuating asymmetry,OpenAlex,fluctuating asymmetry,OpenAIRE,1.0,6,5,5,0.8333333333333334
homophily,OpenAIRE,homophily,OpenAlex,1.0,6,6,6,1.0
homophily,OpenAlex,homophily,OpenAIRE,1.0,6,6,6,1.0
unified medical language system,OpenAIRE,unified medical language system,OpenAlex,1.0,7,8,6,0.6666666666666666
wetting,OpenAlex,wetting,OpenAIRE,1.0,6,6,5,0.7142857142857143
readability,OpenAIRE,readability,OpenAlex,1.0,6,7,6,0.8571428571428571
readability,OpenAlex,readability,OpenAIRE,1.0,7,6,6,0.8571428571428571
annoyance,OpenAlex,annoyance,OpenAIRE,1.0,7,5,5,0.7142857142857143
newspaper,OpenAlex,newspaper,OpenAIRE,1.0,13,10,9,0.6428571428571429
eavesdropping,OpenAIRE,eavesdropping,OpenAlex,1.0,7,9,7,0.7777777777777778
eavesdropping,OpenAlex,eavesdropping,OpenAIRE,1.0,9,7,7,0.7777777777777778
manifesto,OpenAlex,manifesto,OpenAIRE,1.0,7,6,6,0.8571428571428571
stroop effect,OpenAIRE,stroop effect,OpenAlex,1.0,12,8,8,0.6666666666666666
stroop effect,OpenAlex,stroop effect,OpenAIRE,1.0,8,12,8,0.6666666666666666
occupancy,OpenAlex,occupancy,OpenAIRE,1.0,7,5,5,0.7142857142857143
snow,OpenAlex,snow,OpenAIRE,1.0,9,6,6,0.6666666666666666
umbrella sampling,OpenAlex,umbrella sampling,OpenAIRE,1.0,7,5,5,0.7142857142857143
cloaking,OpenAIRE,cloaking,OpenAlex,1.0,6,4,4,0.6666666666666666
traceability,OpenAIRE,traceability,OpenAlex,1.0,6,6,5,0.7142857142857143
agile software development,OpenAlex,agile software development,OpenAIRE,1.0,8,5,5,0.625
steiner tree problem,OpenAlex,steiner tree problem,OpenAIRE,1.0,6,4,4,0.6666666666666666
global analytic function,OpenAIRE,analytic function,OpenAlex,0.926117496141434,6,6,6,1.0
analytic function,OpenAlex,global analytic function,OpenAIRE,0.926117496141434,6,6,6,1.0
mach number,OpenAlex,mach number,OpenAIRE,1.0,7,5,5,0.7142857142857143
frustration,OpenAIRE,frustration,OpenAlex,1.0,6,4,4,0.6666666666666666
diversity index,OpenAlex,diversity index,OpenAIRE,1.0,6,4,4,0.6666666666666666
brainstem,OpenAlex,brainstem,OpenAIRE,1.0,6,4,4,0.6666666666666666
stochastic petri net,OpenAlex,stochastic petri net,OpenAIRE,1.0,6,5,5,0.8333333333333334
