Category1,Source1,Category2,Source2,similarity,PapersInC1,PapersInC2,PapersInBoth,Agreement
business,OpenAIRE,computer science,OpenAlex,0.5153315050421815,12894,28905,12894,0.4460819927348209
pattern recognition,OpenAIRE,pattern recognition (psychology),OpenAlex,0.4053248869949377,2061,3593,1764,0.4534704370179948
context (archaeology),OpenAlex,context (language use),OpenAIRE,0.9030110254668426,1330,894,734,0.4926174496644295
pattern recognition (psychology),OpenAlex,pattern recognition,OpenAIRE,0.4053248869949377,3593,2061,1764,0.4534704370179948
computer science,OpenAlex,business,OpenAIRE,0.5153315050421815,28905,12894,12894,0.4460819927348209
sexual selection,OpenAIRE,mate choice,OpenAlex,0.4012893196514377,93,58,46,0.4380952380952381
sexual selection,OpenAIRE,mating,OpenAlex,0.6427836963057078,93,91,55,0.4263565891472868
mate choice,OpenAlex,sexual selection,OpenAIRE,0.4012893196514377,58,93,46,0.4380952380952381
mating,OpenAlex,sexual selection,OpenAIRE,0.6427836963057078,91,93,55,0.4263565891472868
genetics,OpenAlex,biology,OpenAIRE,0.8202186941629346,1750,2128,1135,0.4137805322639445
fractal analysis,OpenAlex,fractal dimension,OpenAIRE,0.8307394036039513,17,18,11,0.4583333333333333
fractal dimension on networks,OpenAlex,fractal dimension,OpenAIRE,0.618853832193454,11,18,9,0.45
context (language use),OpenAIRE,context (archaeology),OpenAlex,0.9030110254668426,894,1330,734,0.4926174496644295
lattice (order),OpenAIRE,lattice (music),OpenAlex,0.927221026517696,24,37,18,0.4186046511627907
biology,OpenAIRE,genetics,OpenAlex,0.8202186941629346,2128,1750,1135,0.4137805322639445
action (philosophy),OpenAIRE,action (physics),OpenAlex,0.9876624792043824,250,420,195,0.4105263157894737
surface finish,OpenAIRE,surface roughness,OpenAlex,0.798388824036687,15,12,9,0.5
surface roughness,OpenAlex,surface finish,OpenAIRE,0.798388824036687,12,15,9,0.5
control theory,OpenAIRE,control theory (sociology),OpenAlex,0.443033309422342,1378,1735,1212,0.6375591793792741
control theory (sociology),OpenAlex,control theory,OpenAIRE,0.443033309422342,1735,1378,1212,0.6375591793792741
consumption (economics),OpenAIRE,consumption (sociology),OpenAlex,0.9931867880355794,49,84,41,0.4456521739130434
hydrology,OpenAIRE,hydrology (agriculture),OpenAlex,0.4092987283842136,31,28,17,0.4047619047619047
benchmark (computing),OpenAIRE,benchmark (surveying),OpenAlex,0.9708058116765804,279,488,233,0.4363295880149813
benchmark (surveying),OpenAlex,benchmark (computing),OpenAIRE,0.9708058116765804,488,279,233,0.4363295880149813
robustness (computer science),OpenAIRE,robustness (evolution),OpenAlex,0.9574491536386808,424,474,280,0.4530744336569579
wearable technology,OpenAlex,wearable computer,OpenAIRE,0.8290741289597876,36,38,25,0.5102040816326531
fuzzy classification,OpenAIRE,fuzzy set operations,OpenAlex,0.5998958820948286,171,127,92,0.4466019417475728
type-2 fuzzy sets and systems,OpenAIRE,fuzzy set operations,OpenAlex,0.717850261424734,112,127,72,0.4311377245508982
fuzzy number,OpenAIRE,fuzzy set operations,OpenAlex,0.496974567769317,197,127,94,0.408695652173913
fuzzy set operations,OpenAIRE,fuzzy number,OpenAlex,0.496974567769317,191,159,114,0.4830508474576271
fuzzy classification,OpenAIRE,fuzzy number,OpenAlex,0.6535091529318298,171,159,105,0.4666666666666667
fuzzy set operations,OpenAIRE,fuzzy set,OpenAlex,0.8576028421579193,191,296,159,0.4847560975609756
fuzzy classification,OpenAIRE,fuzzy set,OpenAlex,0.4676056450723837,171,296,146,0.454828660436137
fuzzy number,OpenAIRE,fuzzy set,OpenAlex,0.432983799260483,197,296,168,0.5169230769230769
fuzzy set operations,OpenAlex,fuzzy classification,OpenAIRE,0.5998958820948286,127,171,92,0.4466019417475728
fuzzy set,OpenAlex,fuzzy classification,OpenAIRE,0.4676056450723837,296,171,146,0.454828660436137
fuzzy number,OpenAlex,fuzzy classification,OpenAIRE,0.6535091529318298,159,171,105,0.4666666666666667
fuzzy number,OpenAlex,fuzzy set operations,OpenAIRE,0.496974567769317,159,191,114,0.4830508474576271
fuzzy set,OpenAlex,fuzzy set operations,OpenAIRE,0.8576028421579193,296,191,159,0.4847560975609756
fuzzy set,OpenAlex,fuzzy number,OpenAIRE,0.432983799260483,296,197,168,0.5169230769230769
fuzzy set operations,OpenAlex,fuzzy number,OpenAIRE,0.496974567769317,127,197,94,0.408695652173913
fuzzy set operations,OpenAlex,type-2 fuzzy sets and systems,OpenAIRE,0.717850261424734,127,112,72,0.4311377245508982
action (physics),OpenAlex,action (philosophy),OpenAIRE,0.9876624792043824,420,250,195,0.4105263157894737
bigram,OpenAIRE,trigram,OpenAlex,1.0000000230050268,9,11,7,0.5384615384615384
trigram,OpenAlex,bigram,OpenAIRE,1.0000000230050268,11,9,7,0.5384615384615384
tourism,OpenAlex,"tourism, leisure and hospitality management",OpenAIRE,0.6911858954649978,62,62,47,0.6103896103896104
hamiltonian (control theory),OpenAlex,hamiltonian (quantum mechanics),OpenAIRE,0.9594034176482026,16,11,8,0.4210526315789473
iris (anatomy),OpenAIRE,iris (biosensor),OpenAlex,0.965243162866008,7,14,7,0.5
customer to customer,OpenAIRE,customer retention,OpenAlex,0.7623358565000423,14,14,9,0.4736842105263157
customer advocacy,OpenAIRE,customer retention,OpenAlex,0.837189118812819,17,14,10,0.4761904761904761
customer intelligence,OpenAIRE,customer retention,OpenAlex,0.8738427332507588,12,14,8,0.4444444444444444
promotion (chess),OpenAlex,promotion (rank),OpenAIRE,0.9471137895668142,21,14,12,0.5217391304347826
defeasible estate,OpenAIRE,defeasible reasoning,OpenAlex,0.6086640019361118,6,10,6,0.6
gyrus cinguli,OpenAIRE,anterior cingulate cortex,OpenAlex,0.8028883334918465,28,40,20,0.4166666666666667
stimulus (physiology),OpenAIRE,stimulus (psychology),OpenAlex,0.9894689180281608,155,233,140,0.5645161290322581
ventral striatum,OpenAIRE,striatum,OpenAlex,0.8972207305509201,16,28,13,0.4193548387096774
stimulus (psychology),OpenAlex,stimulus (physiology),OpenAIRE,0.9894689180281608,233,155,140,0.5645161290322581
striatum,OpenAlex,ventral striatum,OpenAIRE,0.8972207305509201,28,16,13,0.4193548387096774
coronavirus disease (covid-19),OpenAIRE,infectious disease (medical specialty),OpenAlex,0.9095527129376328,27,52,24,0.4363636363636363
brand equity,OpenAlex,brand management,OpenAIRE,0.8353346737955748,13,15,9,0.4736842105263157
contingency theory,OpenAlex,contingency,OpenAIRE,0.7607860407140028,19,24,13,0.4333333333333333
wavelet transform,OpenAIRE,wavelet,OpenAlex,0.8143585237547277,169,310,153,0.4693251533742331
wavelet transform,OpenAlex,wavelet,OpenAIRE,0.8143585237547277,204,241,142,0.4686468646864686
cooperative adaptive cruise control,OpenAIRE,cruise control,OpenAlex,0.8810714567926323,7,17,7,0.4117647058823529
robustness (evolution),OpenAlex,robustness (computer science),OpenAIRE,0.9574491536386808,474,424,280,0.4530744336569579
container (abstract data type),OpenAIRE,container (type theory),OpenAlex,0.93897315072098,7,7,5,0.5555555555555556
supply chain management,OpenAIRE,supply chain,OpenAlex,0.9378129257533871,71,140,64,0.4353741496598639
container (type theory),OpenAlex,container (abstract data type),OpenAIRE,0.93897315072098,7,7,5,0.5555555555555556
optic disk,OpenAIRE,optic disc,OpenAlex,0.8562485746663654,11,10,8,0.6153846153846154
optic disc,OpenAlex,optic disk,OpenAIRE,0.8562485746663654,10,11,8,0.6153846153846154
types of tourism/tourism,OpenAIRE,tourism,OpenAlex,0.5210218538940793,53,62,37,0.4743589743589743
"tourism, leisure and hospitality management",OpenAIRE,tourism,OpenAlex,0.6911858954649978,62,62,47,0.6103896103896104
"sport, leisure & tourism",OpenAIRE,tourism,OpenAlex,0.5515879723656767,62,62,37,0.425287356321839
tourism,OpenAlex,types of tourism/tourism,OpenAIRE,0.5210218538940793,62,53,37,0.4743589743589743
tourism,OpenAlex,"sport, leisure & tourism",OpenAIRE,0.5515879723656767,62,62,37,0.425287356321839
resilience (network),OpenAIRE,resilience (materials science),OpenAlex,0.9463773548355112,34,51,28,0.4912280701754385
wavelet,OpenAIRE,wavelet transform,OpenAlex,0.8143585237547277,241,204,142,0.4686468646864686
iris (biosensor),OpenAlex,iris (anatomy),OpenAIRE,0.965243162866008,14,7,7,0.5
interpolation,OpenAIRE,interpolation (computer graphics),OpenAlex,0.4249814753282713,129,177,107,0.5376884422110553
interpolation (computer graphics),OpenAlex,interpolation,OpenAIRE,0.4249814753282713,177,129,107,0.5376884422110553
alternation (linguistics),OpenAlex,alternation (formal language theory),OpenAIRE,0.9475267589920826,7,3,3,0.4285714285714285
autistic disorder,OpenAIRE,autism,OpenAlex,0.8904283824568615,22,41,19,0.4318181818181818
watermark,OpenAIRE,digital watermarking,OpenAlex,0.5305057086791208,20,39,18,0.4390243902439024
digital watermarking,OpenAIRE,watermark,OpenAlex,0.5305057086791208,37,22,19,0.475
digital watermarking,OpenAlex,watermark,OpenAIRE,0.5305057086791208,39,20,18,0.4390243902439024
watermark,OpenAlex,digital watermarking,OpenAIRE,0.5305057086791208,22,37,19,0.475
quantile regression,OpenAlex,quantile,OpenAIRE,0.9174814467733052,10,13,9,0.6428571428571429
delphi,OpenAlex,delphi method,OpenAIRE,0.4273141766035201,85,81,66,0.66
wavelet,OpenAlex,wavelet transform,OpenAIRE,0.8143585237547277,310,169,153,0.4693251533742331
modularity (networks),OpenAIRE,modularity (biology),OpenAlex,0.9725483522316558,33,67,31,0.4492753623188406
modularity (biology),OpenAlex,modularity (networks),OpenAIRE,0.9725483522316558,67,33,31,0.4492753623188406
calcium imaging,OpenAIRE,calcium,OpenAlex,0.7592933405238078,6,6,4,0.5
calcium,OpenAlex,calcium imaging,OpenAIRE,0.7592933405238078,6,6,4,0.5
percolation,OpenAIRE,percolation (cognitive psychology),OpenAlex,0.5200677354134933,8,11,7,0.5833333333333334
percolation,OpenAIRE,percolation threshold,OpenAlex,0.8978814799766277,8,6,5,0.5555555555555556
percolation threshold,OpenAlex,percolation,OpenAIRE,0.8978814799766277,6,8,5,0.5555555555555556
percolation (cognitive psychology),OpenAlex,percolation,OpenAIRE,0.5200677354134933,11,8,7,0.5833333333333334
ant colony,OpenAlex,ant colony optimization algorithms,OpenAIRE,0.7803985722793209,22,28,15,0.4285714285714285
land cover,OpenAIRE,land use,OpenAlex,0.7647153739278814,46,62,37,0.5211267605633803
pascal (programming language),OpenAIRE,pascal (unit),OpenAlex,0.9360546214248844,43,68,41,0.5857142857142857
pascal (unit),OpenAlex,pascal (programming language),OpenAIRE,0.9360546214248844,68,43,41,0.5857142857142857
concatenation,OpenAIRE,concatenation (mathematics),OpenAlex,0.5031426234293642,11,13,8,0.5
bearing (mechanical),OpenAIRE,bearing (navigation),OpenAlex,0.9846014153794952,35,50,31,0.5740740740740741
bearing (navigation),OpenAlex,bearing (mechanical),OpenAIRE,0.9846014153794952,50,35,31,0.5740740740740741
land use,OpenAlex,land cover,OpenAIRE,0.7647153739278814,62,46,37,0.5211267605633803
adaptive histogram equalization,OpenAIRE,histogram matching,OpenAlex,0.7939078034727254,16,22,11,0.4074074074074074
adaptive histogram equalization,OpenAIRE,histogram equalization,OpenAlex,0.9658062861952058,16,27,14,0.4827586206896552
histogram matching,OpenAlex,adaptive histogram equalization,OpenAIRE,0.7939078034727254,22,16,11,0.4074074074074074
histogram equalization,OpenAlex,adaptive histogram equalization,OpenAIRE,0.9658062861952058,27,16,14,0.4827586206896552
conjunction (grammar),OpenAIRE,conjunction (astronomy),OpenAlex,0.9824958700832074,28,24,15,0.4054054054054054
conjunction (astronomy),OpenAlex,conjunction (grammar),OpenAIRE,0.9824958700832074,24,28,15,0.4054054054054054
ontology components,OpenAlex,ontology alignment,OpenAIRE,0.8820975300828993,9,6,5,0.5
priming (psychology),OpenAIRE,priming (agriculture),OpenAlex,0.9805536485581726,40,37,30,0.6382978723404256
priming (agriculture),OpenAlex,priming (psychology),OpenAIRE,0.9805536485581726,37,40,30,0.6382978723404256
hydrology (agriculture),OpenAlex,hydrology,OpenAIRE,0.4092987283842136,28,31,17,0.4047619047619047
digital holographic microscopy,OpenAIRE,interference microscopy,OpenAlex,0.8325928940495056,6,4,3,0.4285714285714285
contingency,OpenAIRE,contingency theory,OpenAlex,0.7607860407140028,24,19,13,0.4333333333333333
incipient speciation,OpenAIRE,ecological speciation,OpenAlex,0.8273696632851428,21,30,17,0.5
reproductive isolation,OpenAlex,ecological speciation,OpenAIRE,0.8569148591487755,29,28,17,0.425
critical point (thermodynamics),OpenAIRE,critical point (mathematics),OpenAlex,0.986922608171751,10,12,7,0.4666666666666667
critical point (mathematics),OpenAlex,critical point (thermodynamics),OpenAIRE,0.986922608171751,12,10,7,0.4666666666666667
delphi,OpenAIRE,delphi method,OpenAlex,0.4273141766035201,49,111,48,0.4285714285714285
delphi technique,OpenAIRE,delphi method,OpenAlex,0.8846534076625845,45,111,45,0.4054054054054054
delphi method,OpenAIRE,delphi,OpenAlex,0.4273141766035201,81,85,66,0.66
supply chain,OpenAlex,supply chain management,OpenAIRE,0.9378129257533871,140,71,64,0.4353741496598639
force field (chemistry),OpenAIRE,force field (fiction),OpenAlex,0.9771571481532372,37,51,33,0.6
force field (fiction),OpenAlex,force field (chemistry),OpenAIRE,0.9771571481532372,51,37,33,0.6
ant colony optimization algorithms,OpenAIRE,ant colony,OpenAlex,0.7803985722793209,28,22,15,0.4285714285714285
lasso (statistics),OpenAIRE,lasso (programming language),OpenAlex,0.9543024020480222,35,44,30,0.6122448979591837
radar imaging,OpenAIRE,synthetic aperture radar,OpenAlex,0.8554263768906428,44,59,33,0.4714285714285714
synthetic aperture radar,OpenAlex,radar imaging,OpenAIRE,0.8554263768906428,59,44,33,0.4714285714285714
connectome,OpenAIRE,functional connectivity,OpenAlex,0.6910361333729969,42,82,36,0.4090909090909091
functional connectivity,OpenAlex,connectome,OpenAIRE,0.6910361333729969,82,42,36,0.4090909090909091
dissociation (neuropsychology),OpenAIRE,dissociation (chemistry),OpenAlex,0.9903868638146904,16,20,13,0.5652173913043478
dissociation (chemistry),OpenAlex,dissociation (neuropsychology),OpenAIRE,0.9903868638146904,20,16,13,0.5652173913043478
anterior cingulate cortex,OpenAlex,gyrus cinguli,OpenAIRE,0.8028883334918465,40,28,20,0.4166666666666667
depression (economics),OpenAlex,depression (differential diagnoses),OpenAIRE,0.9597439040302944,32,22,17,0.4594594594594595
synchronization,OpenAIRE,synchronization (alternating current),OpenAlex,0.4986033503853743,65,115,52,0.40625
codon,OpenAIRE,codon usage bias,OpenAlex,0.7853175450770788,16,14,9,0.4285714285714285
codon usage bias,OpenAlex,codon,OpenAIRE,0.7853175450770788,14,16,9,0.4285714285714285
stationary wavelet transform,OpenAlex,second-generation wavelet transform,OpenAIRE,0.7903160692958325,33,39,27,0.6
level set method,OpenAIRE,level set (data structures),OpenAlex,0.5709671002727582,27,28,19,0.5277777777777778
level set (data structures),OpenAlex,level set method,OpenAIRE,0.5709671002727582,28,27,19,0.5277777777777778
resilience (materials science),OpenAlex,resilience (network),OpenAIRE,0.9463773548355112,51,34,28,0.4912280701754385
diffusion magnetic resonance imaging,OpenAIRE,diffusion mri,OpenAlex,0.7764374896557327,30,55,26,0.4406779661016949
diffusion mri,OpenAlex,diffusion magnetic resonance imaging,OpenAIRE,0.7764374896557327,55,30,26,0.4406779661016949
supply chain,OpenAIRE,supply chain management,OpenAlex,0.9378129257533871,95,103,60,0.4347826086956521
network virtualization,OpenAIRE,virtualization,OpenAlex,0.9138987890869898,6,7,5,0.625
virtualization,OpenAlex,network virtualization,OpenAIRE,0.9138987890869898,7,6,5,0.625
dna transposable elements,OpenAIRE,transposable element,OpenAlex,0.7370450128305928,16,14,12,0.6666666666666666
transposable element,OpenAlex,dna transposable elements,OpenAIRE,0.7370450128305928,14,16,12,0.6666666666666666
docking (animal),OpenAlex,docking (molecular),OpenAIRE,0.9758370465825692,26,28,24,0.8
stock (firearms),OpenAlex,stock (geology),OpenAIRE,0.965172127347162,39,38,27,0.54
contamination,OpenAlex,environmental remediation,OpenAIRE,0.811243297839715,8,5,4,0.4444444444444444
delphi method,OpenAlex,delphi,OpenAIRE,0.4273141766035201,111,49,48,0.4285714285714285
pedestrian detection,OpenAIRE,pedestrian,OpenAlex,0.742272095516017,25,44,22,0.4680851063829787
coronavirus disease (covid-19),OpenAIRE,severe acute respiratory syndrome coronavirus (sars-cov-2),OpenAlex,0.8736265245240225,27,20,19,0.6785714285714286
infectious disease (medical specialty),OpenAlex,coronavirus disease (covid-19),OpenAIRE,0.9095527129376328,52,27,24,0.4363636363636363
severe acute respiratory syndrome coronavirus (sars-cov-2),OpenAlex,coronavirus disease (covid-19),OpenAIRE,0.8736265245240225,20,27,19,0.6785714285714286
mhc class ii,OpenAlex,mhc class i,OpenAIRE,0.4505990670386471,6,11,5,0.4166666666666667
wearable computer,OpenAIRE,wearable technology,OpenAlex,0.8290741289597876,38,36,25,0.5102040816326531
high dynamic range,OpenAIRE,high-dynamic-range imaging,OpenAlex,0.7883770823477823,10,8,7,0.6363636363636364
high-dynamic-range imaging,OpenAlex,high dynamic range,OpenAIRE,0.7883770823477823,8,10,7,0.6363636363636364
protein subcellular localization prediction,OpenAlex,subcellular localization,OpenAIRE,0.9506830320702564,7,3,3,0.4285714285714285
stock (geology),OpenAIRE,stock (firearms),OpenAlex,0.965172127347162,38,39,27,0.54
stock market index,OpenAlex,stock price index,OpenAIRE,0.9009988112764932,7,3,3,0.4285714285714285
reactivity (chemistry),OpenAIRE,reactivity (psychology),OpenAlex,0.9897698443600504,8,10,6,0.5
reactivity (psychology),OpenAlex,reactivity (chemistry),OpenAIRE,0.9897698443600504,10,8,6,0.5
"spectrometry, mass, electrospray ionization",OpenAIRE,electrospray ionization,OpenAlex,0.8141441313210197,7,4,4,0.5714285714285714
maximum power point tracking,OpenAIRE,inverter,OpenAlex,0.6154058780022953,41,75,37,0.4683544303797468
inverter,OpenAlex,maximum power point tracking,OpenAIRE,0.6154058780022953,75,41,37,0.4683544303797468
maximum power principle,OpenAlex,maximum power point tracking,OpenAIRE,0.8755489051375283,35,41,30,0.6521739130434783
ball (mathematics),OpenAlex,ball (bearing),OpenAIRE,0.9704873096226068,11,11,7,0.4666666666666667
contraction (grammar),OpenAlex,contraction (operator theory),OpenAIRE,0.9584374042797152,7,5,4,0.5
synchronization (alternating current),OpenAlex,synchronization,OpenAIRE,0.4986033503853743,115,65,52,0.40625
strategic thinking,OpenAlex,strategic control,OpenAIRE,0.775802771044698,11,9,6,0.4285714285714285
ball (bearing),OpenAIRE,ball (mathematics),OpenAlex,0.9704873096226068,11,11,7,0.4666666666666667
fault (geology),OpenAlex,fault (power engineering),OpenAIRE,0.9336759324568444,105,82,70,0.5982905982905983
fault (power engineering),OpenAIRE,fault (geology),OpenAlex,0.9336759324568444,82,105,70,0.5982905982905983
collocation,OpenAIRE,collocation (remote sensing),OpenAlex,0.4818535397515707,7,9,5,0.4545454545454545
collocation (remote sensing),OpenAlex,collocation,OpenAIRE,0.4818535397515707,9,7,5,0.4545454545454545
team composition,OpenAIRE,team effectiveness,OpenAlex,0.9208745788336988,16,18,11,0.4782608695652174
team effectiveness,OpenAlex,team composition,OpenAIRE,0.9208745788336988,18,16,11,0.4782608695652174
online participation,OpenAIRE,online community,OpenAlex,0.8982011837518817,6,8,5,0.5555555555555556
online community,OpenAlex,online participation,OpenAIRE,0.8982011837518817,8,6,5,0.5555555555555556
spline (mathematics),OpenAIRE,spline (mechanical),OpenAlex,0.9872460536858064,27,27,16,0.4210526315789473
spline (mechanical),OpenAlex,spline (mathematics),OpenAIRE,0.9872460536858064,27,27,16,0.4210526315789473
physical attractiveness,OpenAIRE,facial attractiveness,OpenAlex,0.8180144939366752,13,6,6,0.4615384615384615
facial attractiveness,OpenAlex,physical attractiveness,OpenAIRE,0.8180144939366752,6,13,6,0.4615384615384615
facial attractiveness,OpenAlex,facial symmetry,OpenAIRE,0.808158132620285,6,4,4,0.6666666666666666
riccati equation,OpenAIRE,algebraic riccati equation,OpenAlex,0.9078843593085436,11,9,7,0.5384615384615384
algebraic riccati equation,OpenAlex,riccati equation,OpenAIRE,0.9078843593085436,9,11,7,0.5384615384615384
second-generation wavelet transform,OpenAIRE,stationary wavelet transform,OpenAlex,0.7903160692958325,39,33,27,0.6
fundus (eye),OpenAIRE,fundus (uterus),OpenAlex,0.9273362270304868,23,27,20,0.6666666666666666
fundus (uterus),OpenAlex,fundus (eye),OpenAIRE,0.9273362270304868,27,23,20,0.6666666666666666
diabetes mellitus,OpenAlex,diabetic retinopathy,OpenAIRE,0.8658230815094552,31,21,15,0.4054054054054054
business process management,OpenAIRE,business process discovery,OpenAlex,0.9292659462014642,8,6,5,0.5555555555555556
business process modeling,OpenAIRE,business process,OpenAlex,0.9562005231406344,11,16,8,0.4210526315789473
artifact-centric business process model,OpenAIRE,business process modeling,OpenAlex,0.8225164355755011,13,14,8,0.4210526315789473
business process discovery,OpenAlex,business process management,OpenAIRE,0.9292659462014642,6,8,5,0.5555555555555556
attention deficit disorder with hyperactivity,OpenAIRE,attention deficit hyperactivity disorder,OpenAlex,0.9420988094272452,10,6,5,0.4545454545454545
attention deficit hyperactivity disorder,OpenAlex,attention deficit disorder with hyperactivity,OpenAIRE,0.9420988094272452,6,10,5,0.4545454545454545
projective texture mapping,OpenAIRE,bidirectional texture function,OpenAlex,0.8856638818101066,6,6,4,0.5
stakeholder analysis,OpenAIRE,stakeholder theory,OpenAlex,0.8072226109248998,8,14,7,0.4666666666666667
stakeholder theory,OpenAIRE,stakeholder analysis,OpenAlex,0.8072226109248998,13,7,6,0.4285714285714285
stakeholder analysis,OpenAlex,stakeholder theory,OpenAIRE,0.8072226109248998,7,13,6,0.4285714285714285
intelligibility (communication),OpenAIRE,intelligibility (philosophy),OpenAlex,0.9802201723232884,20,22,16,0.6153846153846154
intelligibility (philosophy),OpenAlex,intelligibility (communication),OpenAIRE,0.9802201723232884,22,20,16,0.6153846153846154
skin neoplasms,OpenAIRE,melanoma,OpenAlex,0.72473364536814,9,8,5,0.4166666666666667
melanoma,OpenAlex,skin neoplasms,OpenAIRE,0.72473364536814,8,9,5,0.4166666666666667
protein–protein interaction,OpenAIRE,interaction network,OpenAlex,0.608839995901996,6,7,5,0.625
interaction network,OpenAlex,protein–protein interaction,OpenAIRE,0.608839995901996,7,6,5,0.625
product engineering,OpenAIRE,product design,OpenAlex,0.8936369539127647,9,11,6,0.4285714285714285
maximum power point tracking,OpenAIRE,maximum power principle,OpenAlex,0.8755489051375283,41,35,30,0.6521739130434783
sexual abuse,OpenAIRE,child abuse,OpenAlex,0.8420108538088958,8,9,6,0.5454545454545454
child abuse,OpenAlex,sexual abuse,OpenAIRE,0.8420108538088958,9,8,6,0.5454545454545454
"rna, ribosomal, 16s",OpenAIRE,16s ribosomal rna,OpenAlex,0.8124642573984874,13,6,6,0.4615384615384615
16s ribosomal rna,OpenAlex,"rna, ribosomal, 16s",OpenAIRE,0.8124642573984874,6,13,6,0.4615384615384615
profiling (information science),OpenAIRE,profiling (computer programming),OpenAlex,0.9618267221066176,14,22,12,0.5
profiling (computer programming),OpenAlex,profiling (information science),OpenAIRE,0.9618267221066176,22,14,12,0.5
delphi method,OpenAlex,delphi technique,OpenAIRE,0.8846534076625845,111,45,45,0.4054054054054054
supply chain management,OpenAlex,supply chain,OpenAIRE,0.9378129257533871,103,95,60,0.4347826086956521
concatenation (mathematics),OpenAlex,concatenation,OpenAIRE,0.5031426234293642,13,11,8,0.5
valence (psychology),OpenAIRE,valence (chemistry),OpenAlex,0.9902961050519402,27,24,16,0.4571428571428571
depression (differential diagnoses),OpenAIRE,depression (economics),OpenAlex,0.9597439040302944,22,32,17,0.4594594594594595
consumption (sociology),OpenAlex,consumption (economics),OpenAIRE,0.9931867880355794,84,49,41,0.4456521739130434
indeterminacy (literature),OpenAIRE,indeterminacy (philosophy),OpenAlex,0.9913393828471698,7,8,5,0.5
indeterminacy (philosophy),OpenAlex,indeterminacy (literature),OpenAIRE,0.9913393828471698,8,7,5,0.5
amplitude damping channel,OpenAIRE,quantum channel,OpenAlex,0.7867850759161819,8,11,6,0.4615384615384615
quantum channel,OpenAlex,amplitude damping channel,OpenAIRE,0.7867850759161819,11,8,6,0.4615384615384615
docking (molecular),OpenAIRE,docking (animal),OpenAlex,0.9758370465825692,28,26,24,0.8
flocking (texture),OpenAlex,flocking (behavior),OpenAIRE,0.9663099079191182,7,8,5,0.5
pedestrian,OpenAlex,pedestrian detection,OpenAIRE,0.742272095516017,44,25,22,0.4680851063829787
lasso (programming language),OpenAlex,lasso (statistics),OpenAIRE,0.9543024020480222,44,35,30,0.6122448979591837
direction of arrival,OpenAlex,angle of arrival,OpenAIRE,0.9400980653311352,6,3,3,0.5
autism,OpenAlex,autistic disorder,OpenAIRE,0.8904283824568615,41,22,19,0.4318181818181818
diabetic retinopathy,OpenAIRE,diabetes mellitus,OpenAlex,0.8658230815094552,21,31,15,0.4054054054054054
polarization (waves),OpenAIRE,polarization (electrochemistry),OpenAlex,0.9648347201690404,18,16,10,0.4166666666666667
operational semantics,OpenAIRE,denotational semantics,OpenAlex,0.8550035204881303,7,8,5,0.5
denotational semantics,OpenAlex,operational semantics,OpenAIRE,0.8550035204881303,8,7,5,0.5
low-pass filter,OpenAlex,band-stop filter,OpenAIRE,0.6464256640761158,7,3,3,0.4285714285714285
objectivity (science),OpenAIRE,objectivity (philosophy),OpenAlex,0.98558440425534,8,9,6,0.5454545454545454
objectivity (philosophy),OpenAlex,objectivity (science),OpenAIRE,0.98558440425534,9,8,6,0.5454545454545454
binocular rivalry,OpenAIRE,rivalry,OpenAlex,0.5966433841356271,8,11,7,0.5833333333333334
polarization (electrochemistry),OpenAlex,polarization (waves),OpenAIRE,0.9648347201690404,16,18,10,0.4166666666666667
sperm,OpenAIRE,sperm competition,OpenAlex,0.7491853108907258,7,11,6,0.5
strategic control,OpenAIRE,strategic thinking,OpenAlex,0.775802771044698,9,11,6,0.4285714285714285
customer retention,OpenAlex,customer advocacy,OpenAIRE,0.837189118812819,14,17,10,0.4761904761904761
customer retention,OpenAlex,customer to customer,OpenAIRE,0.7623358565000423,14,14,9,0.4736842105263157
customer retention,OpenAlex,customer intelligence,OpenAIRE,0.8738427332507588,14,12,8,0.4444444444444444
constraint logic programming,OpenAIRE,constraint programming,OpenAlex,0.9334220993206536,11,13,8,0.5
automata theory,OpenAlex,quantum finite automata,OpenAIRE,0.7857612720437207,8,7,5,0.5
mendelian randomization analysis,OpenAIRE,mendelian randomization,OpenAlex,0.9331613642226064,8,9,7,0.7
mendelian randomization analysis,OpenAIRE,genetic variants,OpenAlex,0.6889327572237602,8,11,7,0.5833333333333334
genetic variants,OpenAlex,mendelian randomization analysis,OpenAIRE,0.6889327572237602,11,8,7,0.5833333333333334
mendelian randomization,OpenAlex,mendelian randomization analysis,OpenAIRE,0.9331613642226064,9,8,7,0.7
promotion (rank),OpenAIRE,promotion (chess),OpenAlex,0.9471137895668142,14,21,12,0.5217391304347826
sperm,OpenAIRE,female sperm storage,OpenAlex,0.7495576011761584,7,5,4,0.5
sperm competition,OpenAlex,sperm,OpenAIRE,0.7491853108907258,11,7,6,0.5
valence (chemistry),OpenAlex,valence (psychology),OpenAIRE,0.9902961050519402,24,27,16,0.4571428571428571
bankruptcy prediction,OpenAIRE,bankruptcy,OpenAlex,0.739626291998386,8,10,7,0.6363636363636364
bankruptcy,OpenAlex,bankruptcy prediction,OpenAIRE,0.739626291998386,10,8,7,0.6363636363636364
multiple discriminant analysis,OpenAIRE,optimal discriminant analysis,OpenAlex,0.9082327050014268,13,18,10,0.4761904761904761
optimal discriminant analysis,OpenAlex,multiple discriminant analysis,OpenAIRE,0.9082327050014268,18,13,10,0.4761904761904761
possession (law),OpenAIRE,possession (linguistics),OpenAlex,0.8994578944972661,6,12,6,0.5
possession (linguistics),OpenAlex,possession (law),OpenAIRE,0.8994578944972661,12,6,6,0.5
quantum decoherence,OpenAlex,phase qubit,OpenAIRE,0.8015091025110369,7,5,4,0.5
quantum decoherence,OpenAlex,superconducting quantum computing,OpenAIRE,0.8205615196408053,7,3,3,0.4285714285714285
dephasing,OpenAlex,superconducting quantum computing,OpenAIRE,0.6494005527079293,7,3,3,0.4285714285714285
security through obscurity,OpenAIRE,security information and event management,OpenAlex,0.8193967829109872,6,4,3,0.4285714285714285
ray tracing (physics),OpenAlex,ray tracing (graphics),OpenAIRE,0.981300832336266,6,9,6,0.6666666666666666
incipient speciation,OpenAIRE,reproductive isolation,OpenAlex,0.7612428052710655,21,29,15,0.4285714285714285
ecological speciation,OpenAIRE,reproductive isolation,OpenAlex,0.8569148591487755,28,29,17,0.425
heteropatric speciation,OpenAIRE,incipient speciation,OpenAlex,0.8844208235585813,11,18,9,0.45
heteropatric speciation,OpenAIRE,allopatric speciation,OpenAlex,0.8894126925848387,11,12,7,0.4375
ecological speciation,OpenAlex,incipient speciation,OpenAIRE,0.8273696632851428,30,21,17,0.5
reproductive isolation,OpenAlex,incipient speciation,OpenAIRE,0.7612428052710655,29,21,15,0.4285714285714285
ratchet,OpenAlex,brownian motor,OpenAIRE,0.4362838027098916,8,5,4,0.4444444444444444
appraisal theory,OpenAIRE,cognitive appraisal,OpenAlex,0.8478599453329603,7,8,5,0.5
framing (social sciences),OpenAIRE,framing (construction),OpenAlex,0.9266706656419004,23,28,18,0.5454545454545454
canonical analysis,OpenAlex,canonical correspondence analysis,OpenAIRE,0.9726750741861896,7,5,4,0.5
akaike information criterion,OpenAIRE,bayesian information criterion,OpenAlex,0.9578823012874194,32,34,19,0.4042553191489361
monocular rivalry,OpenAIRE,binocular rivalry,OpenAlex,1.0000000293660385,6,7,6,0.8571428571428571
rivalry,OpenAlex,binocular rivalry,OpenAIRE,0.5966433841356271,11,8,7,0.5833333333333334
binocular rivalry,OpenAlex,monocular rivalry,OpenAIRE,1.0000000293660385,7,6,6,0.8571428571428571
animation,OpenAIRE,computer animation,OpenAlex,0.8840377073786296,25,21,15,0.4838709677419355
computer animation,OpenAlex,animation,OpenAIRE,0.8840377073786296,21,25,15,0.4838709677419355
bayesian information criterion,OpenAlex,akaike information criterion,OpenAIRE,0.9578823012874194,34,32,19,0.4042553191489361
stakeholder theory,OpenAlex,stakeholder analysis,OpenAIRE,0.8072226109248998,14,8,7,0.4666666666666667
ray tracing (graphics),OpenAIRE,ray tracing (physics),OpenAlex,0.981300832336266,9,6,6,0.6666666666666666
traffic flow (computer networking),OpenAlex,traffic flow,OpenAIRE,0.4781392842641014,14,21,13,0.5909090909090909
discrete sine transform,OpenAIRE,discrete hartley transform,OpenAlex,0.8511645265348071,10,11,7,0.5
discrete hartley transform,OpenAIRE,hartley transform,OpenAlex,0.8750502701149085,7,10,5,0.4166666666666667
fractional fourier transform,OpenAIRE,non-uniform discrete fourier transform,OpenAlex,0.6989453852315842,16,8,7,0.4117647058823529
hartley transform,OpenAlex,discrete hartley transform,OpenAIRE,0.8750502701149085,10,7,5,0.4166666666666667
open biomedical ontologies,OpenAIRE,ontology components,OpenAlex,0.6975250180633873,9,9,6,0.5
ontology alignment,OpenAIRE,ontology components,OpenAlex,0.8820975300828993,6,9,5,0.5
suggested upper merged ontology,OpenAIRE,upper ontology,OpenAlex,0.8039977461556236,6,8,5,0.5555555555555556
upper ontology,OpenAIRE,suggested upper merged ontology,OpenAlex,0.8039977461556236,10,6,5,0.4545454545454545
commonsense reasoning,OpenAlex,commonsense knowledge,OpenAIRE,0.8755249780420759,7,5,4,0.5
social semantic web,OpenAlex,semantic analytics,OpenAIRE,0.6977187101129755,8,9,5,0.4166666666666667
suggested upper merged ontology,OpenAlex,upper ontology,OpenAIRE,0.8039977461556236,6,10,5,0.4545454545454545
discrete hartley transform,OpenAlex,discrete sine transform,OpenAIRE,0.8511645265348071,11,10,7,0.5
laparoscopy,OpenAlex,laparoscopic surgery,OpenAIRE,0.8299285677062949,6,5,5,0.8333333333333334
image moment,OpenAlex,velocity moments,OpenAIRE,0.6957327004898137,7,5,5,0.7142857142857143
multivariate kernel density estimation,OpenAIRE,variable kernel density estimation,OpenAlex,0.9792176115852732,17,26,13,0.4333333333333333
lattice (music),OpenAlex,lattice (order),OpenAIRE,0.927221026517696,37,24,18,0.4186046511627907
isometric exercise,OpenAlex,isometric contraction,OpenAIRE,0.7805381441048,6,3,3,0.5
tendons,OpenAIRE,tendon,OpenAlex,1.000000039180499,7,3,3,0.4285714285714285
economic capital,OpenAIRE,social venture capital,OpenAlex,0.8261794469196646,6,3,3,0.5
venture capital,OpenAlex,social venture capital,OpenAIRE,0.8658975889719688,7,3,3,0.4285714285714285
flicker noise,OpenAIRE,noise figure,OpenAlex,0.7538752246831146,14,19,10,0.4347826086956521
"receptors, antigen, t-cell",OpenAIRE,t-cell receptor,OpenAlex,0.8546631063373492,7,3,3,0.4285714285714285
graph neural networks,OpenAIRE,graph database,OpenAlex,0.7935498915398886,6,4,3,0.4285714285714285
flocking (behavior),OpenAIRE,flocking (texture),OpenAlex,0.9663099079191182,8,7,5,0.5
damper,OpenAIRE,magnetorheological damper,OpenAlex,0.7360152562629324,6,3,3,0.5
protein sorting signals,OpenAIRE,signal peptide,OpenAlex,0.9067775153391432,7,9,5,0.4545454545454545
cleavage (geology),OpenAlex,cleavage (embryo),OpenAIRE,0.9583824819111664,6,3,3,0.5
dimensional regularization,OpenAIRE,renormalization,OpenAlex,0.7767390070080075,10,19,9,0.45
quantum finite automata,OpenAIRE,automata theory,OpenAlex,0.7857612720437207,7,8,5,0.5
product design,OpenAlex,product engineering,OpenAIRE,0.8936369539127647,11,9,6,0.4285714285714285
photoacoustic effect,OpenAlex,photoacoustic spectroscopy,OpenAIRE,0.7353066404240812,6,3,3,0.5
variable kernel density estimation,OpenAlex,multivariate kernel density estimation,OpenAIRE,0.9792176115852732,26,17,13,0.4333333333333333
hamiltonian (quantum mechanics),OpenAIRE,hamiltonian (control theory),OpenAlex,0.9594034176482026,11,16,8,0.4210526315789473
intron,OpenAIRE,alternative splicing,OpenAlex,0.8865134772623715,7,5,4,0.5
brand management,OpenAIRE,brand equity,OpenAlex,0.8353346737955748,15,13,9,0.4736842105263157
brand awareness,OpenAIRE,brand equity,OpenAlex,0.8309443276204862,12,13,8,0.4705882352941176
pain,OpenAIRE,chronic pain,OpenAlex,0.9376580539056482,15,9,7,0.4117647058823529
chronic pain,OpenAlex,pain,OpenAIRE,0.9376580539056482,9,15,7,0.4117647058823529
noise figure,OpenAlex,flicker noise,OpenAIRE,0.7538752246831146,19,14,10,0.4347826086956521
stairstep interpolation,OpenAlex,bicubic interpolation,OpenAIRE,1.0000000156129605,6,10,5,0.4545454545454545
gadolinium,OpenAIRE,lanthanide,OpenAlex,0.7019696917712392,6,3,3,0.5
defeasible reasoning,OpenAlex,defeasible estate,OpenAIRE,0.6086640019361118,10,6,6,0.6
thrust,OpenAlex,thrust bearing,OpenAIRE,0.7378957168354379,6,4,4,0.6666666666666666
ocular dominance,OpenAIRE,ocular dominance column,OpenAlex,0.8975946722343275,10,5,5,0.5
sequential consistency,OpenAlex,consistency model,OpenAIRE,0.7952122064749271,6,4,3,0.4285714285714285
gold,OpenAIRE,colloidal gold,OpenAlex,0.866410921755521,7,4,4,0.5714285714285714
low-density parity-check code,OpenAIRE,serial concatenated convolutional codes,OpenAlex,0.6060217329574537,6,3,3,0.5
constraint programming,OpenAlex,constraint logic programming,OpenAIRE,0.9334220993206536,13,11,8,0.5
genetic load,OpenAlex,genetic purging,OpenAIRE,0.7271545393252096,7,3,3,0.4285714285714285
pneumonia,OpenAlex,viral pneumonia,OpenAIRE,0.7619885147242661,8,4,4,0.5
institutionalism,OpenAIRE,new institutionalism,OpenAlex,0.6759737879254162,6,3,3,0.5
business process modeling,OpenAlex,artifact-centric business process model,OpenAIRE,0.8225164355755011,14,13,8,0.4210526315789473
business process,OpenAlex,business process modeling,OpenAIRE,0.9562005231406344,16,11,8,0.4210526315789473
fractal dimension,OpenAIRE,fractal analysis,OpenAlex,0.8307394036039513,18,17,11,0.4583333333333333
fractal dimension,OpenAIRE,fractal dimension on networks,OpenAlex,0.618853832193454,18,11,9,0.45
brand extension,OpenAIRE,brand awareness,OpenAlex,0.8307555689976389,8,12,8,0.6666666666666666
brand equity,OpenAlex,brand awareness,OpenAIRE,0.8309443276204862,13,12,8,0.4705882352941176
groundwater,OpenAIRE,aquifer,OpenAlex,0.6725311552163281,6,6,4,0.5
aquifer,OpenAlex,groundwater,OpenAIRE,0.6725311552163281,6,6,4,0.5
neoplasm metastasis,OpenAIRE,metastasis,OpenAlex,0.9821767061907652,6,4,3,0.4285714285714285
ontology components,OpenAlex,open biomedical ontologies,OpenAIRE,0.6975250180633873,9,9,6,0.5
class-size reduction,OpenAIRE,class size,OpenAlex,0.8123496563792719,9,9,7,0.6363636363636364
class size,OpenAlex,class-size reduction,OpenAIRE,0.8123496563792719,9,9,7,0.6363636363636364
framing (construction),OpenAlex,framing (social sciences),OpenAIRE,0.9266706656419004,28,23,18,0.5454545454545454
renormalization,OpenAlex,dimensional regularization,OpenAIRE,0.7767390070080075,19,10,9,0.45
brand awareness,OpenAlex,brand extension,OpenAIRE,0.8307555689976389,12,8,8,0.6666666666666666
confocal,OpenAIRE,confocal microscopy,OpenAlex,1.000000088849777,9,12,7,0.5
confocal microscopy,OpenAlex,confocal,OpenAIRE,1.000000088849777,12,9,7,0.5
surface wave,OpenAlex,rayleigh wave,OpenAIRE,0.8735026232588704,8,4,4,0.5
admittance,OpenAlex,admittance parameters,OpenAIRE,0.8489759488259038,6,4,4,0.6666666666666666
traffic flow,OpenAIRE,traffic flow (computer networking),OpenAlex,0.4781392842641014,21,14,13,0.5909090909090909
recurrence plot,OpenAIRE,recurrence quantification analysis,OpenAlex,0.5793477378845885,7,5,4,0.5
sample entropy,OpenAIRE,approximate entropy,OpenAlex,0.7873743350046212,13,13,8,0.4444444444444444
policy-based routing,OpenAIRE,static routing,OpenAlex,0.6976225922649454,7,10,6,0.5454545454545454
incipient speciation,OpenAlex,heteropatric speciation,OpenAIRE,0.8844208235585813,18,11,9,0.45
allopatric speciation,OpenAlex,heteropatric speciation,OpenAIRE,0.8894126925848387,12,11,7,0.4375
firefly algorithm,OpenAIRE,firefly protocol,OpenAlex,0.9056083582937052,6,4,4,0.6666666666666666
directed evolution,OpenAIRE,directed molecular evolution,OpenAlex,0.9394300658414968,7,5,5,0.7142857142857143
colorectal cancer,OpenAlex,colorectal neoplasms,OpenAIRE,0.8714517532975928,7,5,4,0.5
cruise control,OpenAlex,cooperative adaptive cruise control,OpenAIRE,0.8810714567926323,17,7,7,0.4117647058823529
semantic analytics,OpenAIRE,social semantic web,OpenAlex,0.6977187101129755,9,8,5,0.4166666666666667
mesoderm,OpenAlex,paraxial mesoderm,OpenAIRE,0.878798784159725,6,4,4,0.6666666666666666
inattentional blindness,OpenAIRE,blindness,OpenAlex,0.8603880570832945,7,6,4,0.4444444444444444
non-uniform discrete fourier transform,OpenAlex,fractional fourier transform,OpenAIRE,0.6989453852315842,8,16,7,0.4117647058823529
senescence,OpenAlex,negligible senescence,OpenAIRE,0.8931425397730178,6,4,3,0.4285714285714285
entrainment (biomusicology),OpenAlex,entrainment (chronobiology),OpenAIRE,0.9788377940186972,7,4,4,0.5714285714285714
bicubic interpolation,OpenAIRE,stairstep interpolation,OpenAlex,1.0000000156129605,10,6,5,0.4545454545454545
hardening (computing),OpenAlex,hardening (metallurgy),OpenAIRE,0.9644240749002032,7,4,4,0.5714285714285714
signal peptide,OpenAlex,protein sorting signals,OpenAIRE,0.9067775153391432,9,7,5,0.4545454545454545
approximate entropy,OpenAlex,sample entropy,OpenAIRE,0.7873743350046212,13,13,8,0.4444444444444444
"electrophoresis, polyacrylamide gel",OpenAIRE,polyacrylamide,OpenAlex,0.8112486775722862,7,5,4,0.5
electrophoresis,OpenAlex,polyacrylamide gel electrophoresis,OpenAIRE,0.7149713017407502,9,5,5,0.5555555555555556
video quality,OpenAIRE,subjective video quality,OpenAlex,0.9429475164537036,11,8,8,0.7272727272727273
subjective video quality,OpenAlex,video quality,OpenAIRE,0.9429475164537036,8,11,8,0.7272727272727273
immersion (mathematics),OpenAlex,immersion (virtual reality),OpenAIRE,0.9504110778346004,7,5,4,0.5
terahertz radiation,OpenAIRE,terahertz spectroscopy and technology,OpenAlex,0.8761636864118219,8,4,4,0.5
mhc class i,OpenAIRE,mhc class ii,OpenAlex,0.4505990670386471,11,6,5,0.4166666666666667
inattentional blindness,OpenAIRE,change blindness,OpenAlex,0.8199093217715806,7,10,6,0.5454545454545454
blindness,OpenAlex,inattentional blindness,OpenAIRE,0.8603880570832945,6,7,4,0.4444444444444444
change blindness,OpenAlex,inattentional blindness,OpenAIRE,0.8199093217715806,10,7,6,0.5454545454545454
parasites,OpenAIRE,parasite hosting,OpenAlex,0.719016295455564,6,4,3,0.4285714285714285
quantile regression,OpenAIRE,quantile,OpenAlex,0.9174814467733052,8,15,8,0.5333333333333333
lexical density,OpenAIRE,lexical choice,OpenAlex,0.6957865111345758,6,4,3,0.4285714285714285
forest inventory,OpenAIRE,forest management,OpenAlex,0.8610546869343665,6,8,5,0.5555555555555556
forest management,OpenAlex,forest inventory,OpenAIRE,0.8610546869343665,8,6,5,0.5555555555555556
factor graph,OpenAlex,tanner graph,OpenAIRE,0.7149180115230584,7,3,3,0.4285714285714285
new public management,OpenAIRE,public management,OpenAlex,0.8569703020218942,6,3,3,0.5
innovation system,OpenAlex,systems of innovation,OpenAIRE,0.7559025128239284,7,3,3,0.4285714285714285
quantile,OpenAIRE,quantile regression,OpenAlex,0.9174814467733052,13,10,9,0.6428571428571429
gel electrophoresis,OpenAIRE,polyacrylamide gel electrophoresis,OpenAlex,0.9686535775455742,8,5,4,0.4444444444444444
upper ontology,OpenAlex,suggested upper merged ontology,OpenAIRE,0.8039977461556236,8,6,5,0.5555555555555556
intrinsic metric,OpenAlex,metric differential,OpenAIRE,0.8963655566381563,6,3,3,0.5
quantile,OpenAlex,quantile regression,OpenAIRE,0.9174814467733052,15,8,8,0.5333333333333333
"hearing loss, sensorineural",OpenAIRE,sensorineural hearing loss,OpenAlex,0.914380315259381,6,3,3,0.5
bidirectional texture function,OpenAlex,projective texture mapping,OpenAIRE,0.8856638818101066,6,6,4,0.5
credit card,OpenAlex,credit card fraud,OpenAIRE,0.917039574949474,7,4,4,0.5714285714285714
sexual reproduction,OpenAIRE,evolution of sexual reproduction,OpenAlex,0.7732236891176127,10,6,5,0.4545454545454545
evolution of sexual reproduction,OpenAlex,sexual reproduction,OpenAIRE,0.7732236891176127,6,10,5,0.4545454545454545
cognitive appraisal,OpenAlex,appraisal theory,OpenAIRE,0.8478599453329603,8,7,5,0.5
"radiotherapy, conformal",OpenAIRE,radiation treatment planning,OpenAlex,0.7003041183470992,6,5,4,0.5714285714285714
wetting,OpenAIRE,wetting transition,OpenAlex,0.8283577670067801,6,3,3,0.5
static routing,OpenAlex,policy-based routing,OpenAIRE,0.6976225922649454,10,7,6,0.5454545454545454
hallucinations,OpenAIRE,visual hallucination,OpenAlex,0.6561603967017826,8,4,4,0.5
nursing research,OpenAlex,nursing literature,OpenAIRE,0.871044983058513,6,3,3,0.5
residue (chemistry),OpenAlex,residue (complex analysis),OpenAIRE,0.9535306519789172,6,3,3,0.5
beta diversity,OpenAIRE,gamma diversity,OpenAlex,0.8545919727881338,6,3,3,0.5
control chart,OpenAIRE,shewhart individuals control chart,OpenAlex,0.94440573862419,11,5,5,0.4545454545454545
snow,OpenAIRE,snow cover,OpenAlex,0.8509201862086376,6,3,3,0.5
consolidation (business),OpenAlex,consolidation (soil),OpenAIRE,0.9392872152615644,7,3,3,0.4285714285714285
lymphatic metastasis,OpenAIRE,lymph node,OpenAlex,0.8040555530878825,7,3,3,0.4285714285714285
global analytic function,OpenAIRE,analytic function,OpenAlex,0.926117496141434,6,6,6,1.0
analytic function,OpenAlex,global analytic function,OpenAIRE,0.926117496141434,6,6,6,1.0
holonomic,OpenAlex,holonomic constraints,OpenAIRE,0.9302342829301954,7,4,4,0.5714285714285714
analytic function,OpenAlex,non-analytic smooth function,OpenAIRE,0.751006500175772,6,3,3,0.5
rural area,OpenAlex,rural sociology,OpenAIRE,0.7162869635388244,6,4,3,0.4285714285714285
topological space,OpenAlex,topological vector space,OpenAIRE,0.937215525860236,7,3,3,0.4285714285714285
osteoarthritis,OpenAlex,"osteoarthritis, knee",OpenAIRE,0.6716185651466146,7,3,3,0.4285714285714285
"rna, transfer",OpenAIRE,transfer rna,OpenAlex,0.8678328088289127,7,3,3,0.4285714285714285
superior colliculi,OpenAIRE,superior colliculus,OpenAlex,0.8829660342815074,7,3,3,0.4285714285714285
